,f,y,x1,x2,x3,x4,x5,x6,x7,x8,x9,x10,x11,x12,x13,x14,x15,x16,x17,x18,x19,x20,x21,x22,x23,x24,x25,x26,x27,x28,x29,x30,x31,x32,x33,x34,x35,x36,x37,x38,x39,x40,x41,x42,x43,x44,x45,x46,x47,x48,x49,x50
0,-0.04760313,-0.25156847,1.0,1.0,-0.08411101,0.6318773,0.2557393,0.0,2.0,-0.07801337,-0.016148103,1.4207834,0.50395024,-0.9859911,-1.191628,0.31297818,0.5471698,-0.22941573,0.35593703,-0.24698792,-0.17843269,-0.044748846,-0.106159166,-0.10485277,-0.072410606,-0.10906873,-0.14577702,0.011089738,-0.101135306,-0.10111956,0.015260067,-0.06167218,-0.033605076,-0.13095737,-0.5107846,-0.20724927,-0.10233116,3.6424713,-0.23830557,-0.17758924,-0.14456291,-0.10180756,0.039859626,-0.2165594,-0.2952673,-0.14512512,-0.25367188,-0.14206433,-0.11528016,-0.1346979,-1.0529191,1.6549082
1,-0.04760313,-0.07514066,0.0,0.0,-0.2717445,-0.38158363,-0.31244862,2.0,0.0,0.6036868,1.0870606,0.65362585,-0.7251967,-0.9859911,-1.191628,-0.08441873,-1.3396226,-0.22941573,-1.3150654,-0.24698792,-0.17843269,-0.044748846,-0.106159166,-0.10485277,-0.072410606,-0.10906873,-0.14577702,0.011089738,-0.101135306,-0.10111956,0.015260067,-0.06167218,-0.033605076,-0.13095737,1.9951832,-0.20724927,-0.10233116,-0.27815676,-0.23830557,-0.17758924,-0.14456291,-0.10180756,-0.32138458,-0.16284597,-0.2952673,-0.14512512,-0.25367188,-0.14206433,-0.11528016,-0.1346979,0.048777852,-0.72255856
2,-0.04760313,-1.0930781,0.0,0.0,0.9478732,1.3395927,0.8889263,1.0,2.0,-1.6131037,-1.2883703,0.72033525,-0.7251967,0.044977598,0.24104539,0.54462963,0.5471698,-0.22941573,0.5069874,-0.24698792,-0.17843269,-0.044748846,-0.106159166,-0.10485277,-0.072410606,-0.10906873,-0.14577702,0.011089738,-0.101135306,-0.10111956,0.015260067,-0.06167218,-0.033605076,-0.13095737,-0.5107846,-0.20724927,-0.10233116,-0.27815676,-0.23830557,-0.17758924,-0.14456291,-0.10180756,0.60160226,0.33993554,-0.2952673,-0.14512512,3.9580197,-0.14206433,-0.11528016,-0.1346979,0.048777852,-0.72255856
3,-0.04760313,0.7551613,1.0,0.0,-0.5531947,0.27801967,0.2557393,0.0,0.0,1.0470449,-0.949023,-0.18024096,-0.7251967,-0.9859911,-1.191628,0.115058936,-1.3396226,-0.22941573,-1.3150654,-0.24698792,-0.17843269,-0.044748846,-0.106159166,-0.10485277,-0.072410606,-0.10906873,-0.14577702,0.011089738,-0.101135306,-0.10111956,0.015260067,-0.06167218,-0.033605076,-0.13095737,-0.5107846,-0.20724927,-0.10233116,-0.27815676,-0.23830557,-0.17758924,-0.14456291,-0.10180756,-0.9273295,-0.2165594,-0.2952673,-0.14512512,-0.25367188,-0.14206433,-0.11528016,-0.1346979,-1.0529191,0.8624193
4,-0.04760313,-0.92532784,1.0,0.0,-1.1160952,0.6318773,0.8889263,4.0,2.0,-1.3175317,-2.1367385,0.4868525,-0.7251967,1.6163303,0.7738392,0.53630793,-1.3396226,-0.22941573,-1.3150654,-0.24698792,-0.17843269,-0.044748846,-0.106159166,-0.10485277,-0.072410606,-0.10906873,-0.14577702,0.011089738,-0.101135306,-0.10111956,0.015260067,-0.06167218,-0.033605076,-0.13095737,-0.5107846,-0.20724927,-0.10233116,-0.27815676,-0.23830557,-0.17758924,-0.14456291,-0.10180756,-0.20460474,0.07489626,-0.2952673,-0.14512512,-0.25367188,-0.14206433,-0.11528016,-0.1346979,2.2521718,-0.72255856
5,-0.04760313,-0.45956242,1.0,1.0,0.29115596,-0.7835533,-1.0106347,4.0,2.0,-0.2830294,-0.10065484,1.1539459,-0.7251967,-0.9859911,-1.191628,-0.66616863,0.5471698,-0.22941573,0.6901375,-0.24698792,-0.17843269,-0.044748846,-0.106159166,-0.10485277,-0.072410606,-0.10906873,-0.14577702,0.011089738,-0.101135306,-0.10111956,0.015260067,-0.06167218,-0.033605076,-0.13095737,1.9951832,-0.20724927,-0.10233116,-0.27815676,-0.23830557,-0.17758924,-0.14456291,-0.10180756,-0.13651136,-0.24971393,-0.2952673,-0.14512512,-0.25367188,-0.14206433,-0.11528016,-0.1346979,0.048777852,-0.72255856
6,-0.04760313,0.1985119,1.0,0.0,0.8540564,-0.7835533,-1.0106347,4.0,1.1910373,0.30811474,0.5780397,1.8543941,0.50395024,0.19022861,0.3021243,-0.7881725,-1.3396226,4.358899,0.35593703,5.9592257,-0.17843269,-0.044748846,-0.106159166,-0.10485277,-0.072410606,-0.10906873,-0.14577702,0.011089738,-0.101135306,-0.10111956,0.015260067,-0.06167218,-0.033605076,-0.13095737,-0.5107846,-0.20724927,-0.10233116,-0.27815676,-0.23830557,5.6854286,-0.14456291,-0.10180756,-0.18882926,-0.37011367,3.3911219,-0.14512512,-0.25367188,-0.14206433,-0.11528016,-0.1346979,2.2521718,-0.72255856
7,-0.04760313,-0.6570592,1.0,1.0,0.10352247,0.6318773,0.2557393,0.0,0.0,-0.43081546,-1.1186967,0.053241752,0.50395024,-0.9859911,-1.191628,0.3161602,0.5471698,-0.22941573,0.35593703,-0.24698792,-0.17843269,-0.044748846,-0.106159166,-0.10485277,-0.072410606,-0.10906873,-0.14577702,0.011089738,-0.101135306,-0.10111956,0.015260067,-0.06167218,-0.033605076,-0.13095737,-0.5107846,-0.20724927,-0.10233116,-0.27815676,-0.23830557,-0.17758924,-0.14456291,-0.10180756,0.2580146,0.15990973,-0.2952673,-0.14512512,-0.25367188,-0.14206433,-0.11528016,-0.1346979,0.048777852,0.8624193
8,-0.04760313,-0.5653752,1.0,1.0,1.0416899,-0.075838,0.2557393,0.0,1.0,-0.8741736,-1.7973912,-0.7806251,0.50395024,0.74888974,0.7738392,-0.5842848,0.5471698,-0.22941573,1.024338,-0.24698792,-0.17843269,-0.044748846,-0.106159166,-0.10485277,-0.072410606,-0.10906873,-0.14577702,0.011089738,-0.101135306,-0.10111956,0.015260067,-0.06167218,-0.033605076,-0.13095737,-0.5107846,-0.20724927,-0.10233116,-0.27815676,-0.23830557,-0.17758924,-0.14456291,-0.10180756,0.11027114,0.064284414,-0.2952673,-0.14512512,-0.25367188,-0.14206433,-0.11528016,-0.1346979,-1.0529191,2.4473972
9,-0.04760313,-0.49248025,0.0,0.0,1.4169569,0.6318773,0.2557393,1.0,2.0,0.32312623,0.19857697,-0.34420216,-0.7251967,-0.9859911,-1.191628,0.041166134,0.5471698,-0.22941573,-0.31246394,-0.24698792,-0.17843269,-0.044748846,-0.106159166,-0.10485277,-0.072410606,-0.10906873,-0.14577702,0.011089738,-0.101135306,-0.10111956,0.015260067,-0.06167218,-0.033605076,-0.13095737,-0.5107846,-0.20724927,-0.10233116,-0.27815676,4.3398013,-0.17758924,-0.14456291,-0.10180756,0.5293611,0.18856522,-0.2952673,-0.14512512,-0.25367188,-0.14206433,-0.11528016,-0.1346979,0.048777852,-0.72255856
10,-0.04760313,0.22228381,0.0,1.0,0.8540564,-0.075838,-0.3774477,1.0,2.0,-0.2830294,2.274776,-1.4810733,0.50395024,-0.9859911,-1.191628,0.16781053,0.5471698,-0.22941573,0.6901375,-0.24698792,-0.17843269,-0.044748846,-0.106159166,-0.10485277,-0.072410606,-0.10906873,-0.14577702,0.011089738,-0.101135306,-0.10111956,0.015260067,-0.06167218,-0.033605076,-0.13095737,-0.5107846,-0.20724927,-0.10233116,-0.27815676,-0.23830557,-0.17758924,-0.14456291,-0.10180756,1.4906433,0.6582826,-0.2952673,-0.14512512,-0.25367188,-0.14206433,-0.11528016,-0.1346979,0.048777852,0.06993039
11,-0.04760313,1.0742257,0.0,0.0,-0.64701146,-0.42969567,-1.0106347,4.0,2.0,-0.8741736,-0.60967577,0.95381796,-0.7251967,0.31516954,0.7738392,-0.3080768,0.5471698,-0.22941573,0.6901375,-0.24698792,-0.17843269,-0.044748846,-0.106159166,-0.10485277,-0.072410606,-0.10906873,-0.14577702,0.011089738,-0.101135306,-0.10111956,0.015260067,-0.06167218,-0.033605076,-0.13095737,1.9951832,-0.20724927,-0.10233116,-0.27815676,-0.23830557,-0.17758924,-0.14456291,-0.10180756,-0.19839266,-0.30009302,3.3911219,-0.14512512,-0.25367188,-0.14206433,-0.11528016,-0.1346979,2.2521718,-0.72255856
12,-0.04760313,-0.027273351,1.0,1.0,-1.5851789,-0.7835533,-0.3774477,0.0,0.0,0.0125426585,0.5780397,-1.2475905,-0.7251967,-0.9859911,-1.191628,0.022952344,-1.3396226,-0.22941573,-1.3150654,-0.24698792,-0.17843269,-0.044748846,-0.106159166,-0.10485277,-0.072410606,-0.10906873,-0.14577702,0.011089738,-0.101135306,-0.10111956,0.015260067,-0.06167218,-0.033605076,-0.13095737,-0.5107846,-0.20724927,-0.10233116,-0.27815676,-0.23830557,-0.17758924,-0.14456291,-0.10180756,-0.4437349,-0.2165594,-0.2952673,-0.14512512,-0.25367188,-0.14206433,-0.11528016,-0.1346979,0.048777852,0.8624193
13,-0.04760313,-0.5947267,1.0,1.0,0.009705731,-0.7835533,-0.3774477,0.0,1.0,-1.0219595,-0.4400021,-0.5471424,0.50395024,1.6163303,0.7738392,-0.6164271,-1.3396226,-0.22941573,-1.3150654,-0.24698792,-0.17843269,-0.044748846,-0.106159166,-0.10485277,-0.072410606,-0.10906873,-0.14577702,0.011089738,-0.101135306,-0.10111956,0.015260067,-0.06167218,-0.033605076,-0.13095737,-0.5107846,-0.20724927,-0.10233116,-0.27815676,-0.23830557,-0.17758924,-0.14456291,-0.10180756,-0.39448184,-0.2762764,-0.2952673,-0.14512512,-0.25367188,-0.14206433,-0.11528016,-0.1346979,-1.0529191,0.8624193
14,-0.04760313,0.21621722,0.0,1.0,0.29115596,-0.2927016,-0.18511838,3.0,0.0,1.342617,0.40836605,-1.3810092,-0.7251967,-0.9859911,-1.191628,-0.18263312,-1.3396226,4.358899,-0.9808649,-0.24698792,-0.17843269,-0.044748846,-0.106159166,-0.10485277,-0.072410606,-0.10906873,-0.14577702,0.011089738,-0.101135306,-0.10111956,0.015260067,-0.06167218,-0.033605076,-0.13095737,-0.5107846,-0.20724927,-0.10233116,-0.27815676,-0.23830557,-0.17758924,6.9990087,-0.10180756,0.012128172,-0.039040543,-0.30850863,-0.04149632,-0.19630173,-0.25256875,9.824933,8.955693,-1.0529191,-0.72255856
15,-0.04760313,-0.33936945,0.0,0.0,1.5107737,2.047308,0.8889263,4.0,0.0,0.23323642,0.2621947,-0.6138517,1.7330972,-0.9859911,-1.191628,0.95132864,1.490566,-0.22941573,0.6901375,1.8217499,-0.17843269,-0.044748846,-0.106159166,-0.10485277,-0.072410606,-0.10906873,-0.14577702,0.011089738,-0.101135306,-0.10111956,0.015260067,-0.06167218,-0.033605076,-0.13095737,1.9951832,-0.20724927,-0.10233116,-0.27815676,-0.23830557,-0.17758924,-0.14456291,-0.10180756,1.0141019,0.5022058,-0.2952673,-0.14512512,-0.25367188,-0.14206433,-0.11528016,-0.1346979,0.048777852,-0.72255856
16,-0.04760313,-0.05696578,0.0,0.0,1.4169569,-2.5528417,-2.2770088,4.0,1.3494242,-1.3175317,-1.6277176,0.68698055,-0.7251967,0.07542229,0.19517967,-3.0548806,1.490566,-0.22941573,0.021736542,0.44777703,-0.17843269,-0.044748846,-0.106159166,-0.10485277,-0.072410606,-0.10906873,-0.14577702,0.011089738,-0.101135306,-0.10111956,0.015260067,-0.06167218,-0.033605076,-0.13095737,-0.5107846,-0.20724927,-0.10233116,-0.27815676,-0.23830557,-0.17758924,-0.14456291,-0.10180756,-2.378113,-2.8410854,-0.2952673,6.999135,-0.25367188,-0.14206433,-0.11528016,-0.1346979,0.048777852,-0.72255856
17,-0.04760313,0.52745384,1.0,1.0,-0.834645,-0.4637302,-0.21918242,4.0,0.0,1.194831,0.5780397,-0.41372368,-0.7251967,-0.9859911,-1.191628,0.003486347,-1.3396226,-0.22941573,-1.3150654,-0.24698792,-0.17843269,-0.044748846,-0.106159166,-0.10485277,-0.072410606,-0.10906873,-0.14577702,0.011089738,-0.101135306,-0.10111956,0.015260067,-0.06167218,-0.033605076,-0.13095737,-0.5107846,-0.20724927,-0.10233116,-0.27815676,-0.23830557,-0.17758924,-0.14456291,-0.10180756,-0.433245,-0.14776544,-0.2952673,-0.14512512,-0.25367188,-0.14206433,-0.11528016,-0.1346979,0.048777852,-0.72255856
18,-0.04760313,-0.41361842,0.0,0.6663222,0.6664229,-0.015737746,-0.029230777,1.0,2.0,0.6036868,1.5960815,-0.9140438,0.50395024,-0.9859911,-1.191628,-0.17689134,0.5471698,-0.22941573,1.024338,-0.24698792,-0.17843269,-0.044748846,-0.106159166,-0.10485277,-0.072410606,-0.10906873,-0.14577702,0.011089738,-0.101135306,-0.10111956,0.015260067,-0.06167218,-0.033605076,-0.13095737,1.9951832,-0.20724927,-0.10233116,-0.27815676,-0.23830557,-0.17758924,-0.14456291,-0.10180756,0.19787486,0.07546554,-0.2952673,-0.14512512,-0.25367188,-0.14206433,-0.11528016,-0.1346979,0.048777852,-0.72255856
19,-0.04760313,-0.043186087,1.0,1.0,0.8540564,0.27801967,-0.3774477,1.0,2.0,0.45590076,-0.10065484,-0.9807531,0.50395024,-0.5522709,0.7738392,-0.108268514,-1.3396226,-0.22941573,-1.3150654,-0.24698792,-0.17843269,-0.044748846,-0.106159166,-0.10485277,-0.072410606,-0.10906873,-0.14577702,0.011089738,-0.101135306,-0.10111956,0.015260067,-0.06167218,-0.033605076,-0.13095737,-0.5107846,-0.20724927,-0.10233116,3.6424713,-0.23830557,-0.17758924,-0.14456291,-0.10180756,1.0070487,-0.2165594,-0.2952673,-0.14512512,-0.25367188,-0.14206433,-0.11528016,-0.1346979,0.048777852,-0.72255856
20,-0.04760313,-0.47735763,1.0,1.0,-0.45937797,1.3395927,0.8889263,1.0,1.0,0.45590076,-0.10065484,-0.24695031,-0.7251967,0.31516954,0.7738392,1.167281,0.5471698,-0.22941573,0.29010317,-0.24698792,-0.17843269,-0.044748846,-0.106159166,-0.10485277,-0.072410606,-0.10906873,-0.14577702,0.011089738,-0.101135306,-0.10111956,0.015260067,-0.06167218,-0.033605076,-0.13095737,-0.5107846,-0.20724927,-0.10233116,-0.27815676,-0.23830557,-0.17758924,-0.14456291,-0.10180756,0.46367943,0.37071013,-0.2952673,-0.14512512,-0.25367188,-0.14206433,-0.11528016,-0.1346979,3.3538687,-0.72255856
21,-0.04760313,-0.12416353,0.0,0.0,0.47878945,0.6318773,0.8889263,0.0,2.0,0.15567827,0.083390184,0.6202712,1.7330972,-0.5522709,0.7738392,0.24890277,0.5471698,-0.22941573,1.024338,5.9592257,-0.17843269,-0.044748846,-0.106159166,-0.10485277,-0.072410606,-0.10906873,-0.14577702,0.011089738,-0.101135306,-0.10111956,0.015260067,-0.06167218,-0.033605076,-0.13095737,1.9951832,-0.20724927,-0.10233116,-0.27815676,-0.23830557,-0.17758924,-0.14456291,-0.10180756,0.12257281,0.2679569,3.3911219,-0.14512512,-0.25367188,-0.14206433,-0.11528016,-0.1346979,1.1504748,0.8624193
22,-0.04760313,0.07796493,1.0,1.0,-0.7408282,-1.137411,-1.0106347,4.0,1.0,0.0125426585,3.8018389,-1.0141078,-0.7251967,0.31516954,0.7738392,-0.17130032,-1.3396226,-0.22941573,-1.3150654,-0.24698792,-0.17843269,-0.044748846,-0.106159166,-0.10485277,-0.072410606,-0.10906873,-0.14577702,0.011089738,-0.101135306,-0.10111956,0.015260067,-0.06167218,-0.033605076,-0.13095737,-0.5107846,-0.20724927,-0.10233116,-0.27815676,-0.23830557,-0.17758924,-0.14456291,-0.10180756,-0.67738646,-0.38279292,-0.2952673,-0.14512512,-0.25367188,-0.14206433,-0.11528016,-0.1346979,0.048777852,-0.72255856
23,-0.04760313,-0.53152114,1.0,0.65154386,-0.5531947,0.6318773,0.2557393,0.0,1.0,0.6036868,2.274776,0.42014316,0.50395024,-0.118550695,0.7738392,0.31065753,0.5471698,-0.22941573,-0.64666444,-0.24698792,-0.17843269,-0.044748846,-0.106159166,-0.10485277,-0.072410606,-0.10906873,-0.14577702,0.011089738,-0.101135306,-0.10111956,0.015260067,-0.06167218,-0.033605076,-0.13095737,-0.5107846,-0.20724927,-0.10233116,-0.27815676,-0.23830557,-0.17758924,-0.14456291,-0.10180756,-2.8617077,-1.9662434,-0.2952673,-0.14512512,-0.25367188,6.999535,-0.11528016,-0.1346979,0.048777852,0.06993039
24,-0.04760313,-0.21342587,1.0,0.0,0.76023966,-0.018091721,-0.22142938,0.0,2.0,1.342617,-0.10065484,-1.1141719,2.9622443,1.6163303,1.7565727,-0.14328822,0.5471698,-0.22941573,1.024338,-0.24698792,-0.17843269,-0.044748846,-0.106159166,-0.10485277,-0.072410606,-0.10906873,-0.14577702,0.011089738,-0.101135306,-0.10111956,0.015260067,-0.06167218,-0.033605076,-0.13095737,-0.5107846,-0.20724927,-0.10233116,-0.27815676,4.3398013,-0.17758924,-0.14456291,-0.10180756,1.0070487,0.6582826,-0.2952673,-0.14512512,-0.25367188,-0.14206433,-0.11528016,-0.1346979,-1.0529191,0.8624193
25,-0.04760313,-0.16319388,1.0,1.0,-0.5531947,-0.7835533,-0.3774477,2.9257767,0.7611669,-0.20617357,-0.19194902,4.1892214,-0.7251967,-0.1900749,-0.17268677,-0.504333,1.490566,-0.22941573,0.8717169,0.4317432,-0.08864709,8.907898,0.094105065,0.038717445,-2.547282,0.777659,-0.07151161,6.506333,-0.08278016,-0.022366788,6.282866,9.400145,-5.2259936,3.591506,-0.5107846,-0.20724927,-0.10233116,-0.27815676,-0.23830557,-0.17758924,-0.14456291,-0.10180756,-0.6398509,-0.2643749,3.3911219,-0.14512512,-0.25367188,-0.14206433,-0.11528016,-0.1346979,0.4073294,-0.72255856
26,-0.04760313,-0.35967767,1.0,0.0,0.5726062,-0.7835533,-0.3774477,0.0,0.0,-0.06867185,-0.12638533,0.08659643,0.50395024,-0.9859911,-1.191628,-0.7200713,1.490566,-0.22941573,1.024338,-0.24698792,-0.17843269,-0.044748846,-0.106159166,-0.10485277,-0.072410606,-0.10906873,-0.14577702,0.011089738,-0.101135306,-0.10111956,0.015260067,-0.06167218,-0.033605076,-0.13095737,-0.5107846,-0.20724927,-0.10233116,-0.27815676,-0.23830557,-0.17758924,-0.14456291,-0.10180756,-0.08046325,-0.064142965,-0.2952673,-0.14512512,-0.25367188,-0.14206433,-0.11528016,-0.1346979,-1.0529191,0.8624193
27,-0.04760313,-0.62883204,1.0,1.0,-0.5531947,-0.7835533,0.2557393,4.0,0.0,-1.0219595,-0.7793494,-0.31365967,0.50395024,-0.9859911,-1.191628,-1.1965579,-1.3396226,-0.22941573,-1.3150654,-0.24698792,-0.17843269,-0.044748846,-0.106159166,-0.10485277,-0.072410606,-0.10906873,-0.14577702,0.011089738,-0.101135306,-0.10111956,0.015260067,-0.06167218,-0.033605076,-0.13095737,-0.5107846,-0.20724927,-0.10233116,-0.27815676,-0.23830557,-0.17758924,-0.14456291,-0.10180756,-0.61915,-0.11690785,-0.2952673,-0.14512512,-0.25367188,-0.14206433,-0.11528016,-0.1346979,0.048777852,-0.72255856
28,-0.04760313,-0.7431606,1.0,1.0,-0.45937797,-0.18944696,-0.1000095,0.0,2.0,-1.0219595,0.069018796,-0.68056107,-0.7251967,-0.9859911,-1.191628,0.021663431,0.5471698,-0.22941573,0.6901375,-0.24698792,-0.17843269,-0.044748846,-0.106159166,-0.10485277,-0.072410606,-0.10906873,-0.14577702,0.011089738,-0.101135306,-0.10111956,0.015260067,-0.06167218,-0.033605076,-0.13095737,-0.5107846,-0.20724927,-0.10233116,-0.27815676,-0.23830557,-0.17758924,-0.14456291,-0.10180756,-0.07789621,0.04559988,-0.2952673,-0.14512512,-0.25367188,-0.14206433,-0.11528016,-0.1346979,-1.0529191,0.8624193
29,-0.04760313,-0.12272517,1.0,0.66444397,-0.08411101,0.6318773,0.2557393,1.0,0.0,-0.0071065133,-0.05516109,0.13474295,-0.7251967,-0.9859911,-1.191628,0.54374135,0.5471698,-0.22941573,0.6901375,-0.24698792,-0.17843269,-0.044748846,-0.106159166,-0.10485277,-0.072410606,-0.10906873,-0.14577702,0.011089738,-0.101135306,-0.10111956,0.015260067,-0.06167218,-0.033605076,-0.13095737,-0.5107846,-0.20724927,-0.10233116,-0.27815676,-0.23830557,-0.17758924,-0.14456291,-0.10180756,0.5234542,0.6582826,-0.2952673,-0.14512512,-0.25367188,-0.14206433,-0.11528016,-0.1346979,0.048777852,-0.72255856
30,-0.04760313,-0.1792822,0.0,1.0,-0.08411101,1.6934503,0.8889263,0.0,1.0,-0.13524339,-1.1186967,0.68698055,-0.7251967,1.18261,0.7738392,1.1828846,0.5471698,-0.22941573,0.6901375,-0.24698792,-0.17843269,-0.044748846,-0.106159166,-0.10485277,-0.072410606,-0.10906873,-0.14577702,0.011089738,-0.101135306,-0.10111956,0.015260067,-0.06167218,-0.033605076,-0.13095737,1.9951832,-0.20724927,-0.10233116,-0.27815676,-0.23830557,-0.17758924,6.9990087,-0.10180756,0.6769871,0.415566,-0.2952673,-0.14512512,-0.25367188,-0.14206433,-0.11528016,-0.1346979,-1.0529191,1.6549082
31,-0.04760313,1.0444493,0.0,1.0,1.5107737,-1.137411,-1.0106347,2.4375556,1.0,-0.7263875,-1.1186967,1.354074,-0.7251967,0.74888974,0.7738392,-1.4386697,0.5471698,-0.22941573,1.024338,-0.24698792,-0.17843269,-0.044748846,-0.106159166,-0.10485277,-0.072410606,-0.10906873,-0.14577702,0.011089738,-0.101135306,-0.10111956,0.015260067,-0.06167218,-0.033605076,-0.13095737,-0.5107846,-0.20724927,-0.10233116,-0.27815676,-0.23830557,-0.17758924,-0.14456291,-0.10180756,-0.13843353,-0.35423186,-0.2952673,-0.14512512,-0.25367188,-0.14206433,-0.11528016,-0.1346979,0.10101781,-0.72255856
32,-0.04760313,-1.2392019,0.0,0.0,0.8540564,0.27801967,0.2557393,4.0,1.0,-1.1697457,-0.7793494,1.5542021,-0.7251967,1.18261,0.7738392,-0.23547196,0.5471698,-0.22941573,1.024338,-0.24698792,-0.17843269,-0.044748846,-0.106159166,-0.10485277,-0.072410606,-0.10906873,-0.14577702,0.011089738,-0.101135306,-0.10111956,0.015260067,-0.06167218,-0.033605076,-0.13095737,-0.5107846,-0.20724927,9.948794,-0.27815676,-0.23830557,-0.17758924,-0.14456291,-0.10180756,0.13980862,0.047137827,-0.2952673,-0.14512512,-0.25367188,-0.14206433,-0.11528016,-0.1346979,0.048777852,-0.72255856
33,-0.04760313,0.0075663105,1.0,0.0,-2.1480794,1.3395927,1.5221133,4.0,0.0,0.89925885,-0.7793494,0.28672448,0.50395024,-0.9859911,-1.191628,2.2409768,0.5471698,-0.22941573,1.024338,-0.24698792,-0.17843269,-0.044748846,-0.106159166,-0.10485277,-0.072410606,-0.10906873,-0.14577702,0.011089738,-0.101135306,-0.10111956,0.015260067,-0.06167218,-0.033605076,-0.13095737,-0.5107846,-0.20724927,-0.10233116,-0.27815676,-0.23830557,-0.17758924,-0.14456291,-0.10180756,3.908616,3.2828085,-0.2952673,-0.14512512,-0.25367188,-0.14206433,-0.11528016,-0.1346979,0.048777852,-0.72255856
34,-0.04760313,0.133696,0.0,1.0,0.10352247,-0.075838,0.8889263,1.6010008,1.0,0.3263095,-0.05011207,-0.013467594,-0.7251967,1.18261,0.7738392,0.031057613,0.5471698,-0.22941573,1.024338,-0.24698792,-0.17843269,-0.044748846,-0.106159166,9.944696,-0.072410606,-0.10906873,-0.14577702,0.011089738,-0.101135306,-0.10111956,0.015260067,-0.06167218,-0.033605076,-0.13095737,-0.5107846,-0.20724927,-0.10233116,-0.27815676,4.3398013,-0.17758924,-0.14456291,-0.10180756,0.5234542,0.6582826,-0.2952673,-0.14512512,-0.25367188,-0.14206433,-0.11528016,-0.1346979,0.060279008,-0.37136415
35,-0.04760313,0.61781484,1.0,1.0,-1.0222784,-0.4266951,-0.1854825,4.0,1.0,0.0125426585,0.23869243,-0.14688629,-0.7251967,0.74888974,0.7738392,0.092420295,0.5471698,-0.22941573,-0.64666444,-0.24698792,-0.17843269,-0.044748846,-0.106159166,-0.10485277,-0.072410606,-0.10906873,-0.14577702,0.011089738,-0.101135306,9.949553,0.015260067,-0.06167218,-0.033605076,-0.13095737,-0.5107846,-0.20724927,-0.10233116,-0.27815676,-0.23830557,-0.17758924,-0.14456291,-0.10180756,-0.3688147,-0.12071999,-0.2952673,-0.14512512,-0.25367188,-0.14206433,-0.11528016,-0.1346979,1.1504748,-0.72255856
36,-0.04760313,0.19801064,1.0,0.0,0.3849727,-2.198984,-2.9101958,0.0,1.0,-1.7608898,-1.6277176,0.48281235,0.50395024,1.6163303,0.7738392,-1.9344676,0.5471698,-0.22941573,1.024338,-0.24698792,-0.17843269,-0.044748846,-0.106159166,-0.10485277,-0.072410606,-0.10906873,-0.14577702,0.011089738,-0.101135306,-0.10111956,0.015260067,-0.06167218,-0.033605076,-0.13095737,-0.5107846,-0.20724927,-0.10233116,-0.27815676,-0.23830557,-0.17758924,-0.14456291,-0.10180756,-0.43705115,-0.88506365,-0.2952673,-0.14512512,3.9580197,-0.14206433,-0.11528016,-0.1346979,0.048777852,2.4473972
37,-0.04760313,-0.46076947,1.0,1.0,0.6664229,-0.42969567,-0.3774477,0.0,2.0,-1.6131037,-0.60967577,-0.34701434,-0.7251967,0.74888974,0.7738392,-0.62324244,0.5471698,-0.22941573,1.024338,-0.24698792,-0.17843269,-0.044748846,-0.106159166,-0.10485277,-0.072410606,-0.10906873,-0.14577702,0.011089738,-0.101135306,-0.10111956,0.015260067,-0.06167218,-0.033605076,-0.13095737,-0.5107846,-0.20724927,-0.10233116,-0.27815676,-0.23830557,-0.17758924,-0.14456291,-0.10180756,-0.030147284,-0.10967402,-0.2952673,-0.14512512,-0.25367188,-0.14206433,-0.11528016,-0.1346979,-1.0529191,1.6549082
38,-0.04760313,-0.047598355,0.0,0.6559355,0.10352247,-0.075838,-0.3774477,1.0,1.0,-0.06626082,-0.057172433,0.65362585,-0.7251967,0.5299089,0.7738392,-0.20188795,-1.3396226,-0.22941573,-1.3150654,-0.24698792,-0.17843269,-0.044748846,-0.106159166,-0.10485277,-0.072410606,-0.10906873,-0.14577702,0.011089738,-0.101135306,-0.10111956,0.015260067,-0.06167218,-0.033605076,-0.13095737,-0.5107846,-0.20724927,-0.10233116,-0.27815676,4.3398013,-0.17758924,-0.14456291,-0.10180756,-0.19676682,-0.22854021,-0.2952673,-0.14512512,-0.25367188,-0.14206433,-0.11528016,-0.1346979,-1.0529191,0.06993039
39,-0.04760313,0.21782947,1.0,1.0,-0.64701146,1.3395927,2.1553004,0.0,2.0,0.0125426585,0.23869243,-0.580497,1.7330972,1.18261,0.7738392,1.1820179,0.5471698,-0.22941573,1.024338,-0.24698792,-0.17843269,-0.044748846,-0.106159166,-0.10485277,-0.072410606,-0.10906873,-0.14577702,0.011089738,-0.101135306,-0.10111956,0.015260067,-0.06167218,-0.033605076,-0.13095737,-0.5107846,-0.20724927,-0.10233116,-0.27815676,-0.23830557,-0.17758924,-0.14456291,-0.10180756,0.26235986,0.62914354,-0.2952673,-0.14512512,-0.25367188,-0.14206433,-0.11528016,-0.1346979,-1.0529191,0.06993039
40,-0.04760313,-0.20103708,1.0,1.0,0.29115596,1.3395927,1.5221133,4.0,2.0,-0.13524339,-2.1367385,-0.34701434,-0.7251967,-0.9859911,-1.191628,0.7518652,0.5471698,-0.22941573,0.021736542,-0.24698792,-0.17843269,-0.044748846,-0.106159166,-0.10485277,-0.072410606,-0.10906873,-0.14577702,0.011089738,-0.101135306,-0.10111956,0.015260067,-0.06167218,-0.033605076,-0.13095737,1.9951832,-0.20724927,-0.10233116,-0.27815676,-0.23830557,-0.17758924,-0.14456291,-0.10180756,1.0070487,0.6582826,-0.2952673,-0.14512512,-0.25367188,-0.14206433,-0.11528016,-0.1346979,0.048777852,-0.72255856
41,-0.04760313,0.32973748,1.0,1.0,0.6664229,-0.7835533,-0.06085419,4.0,2.0,0.0336739,0.050405134,-1.1808811,0.50395024,-0.118550695,0.7738392,-0.7078251,-1.3396226,-0.22941573,-1.3150654,-0.24698792,-0.17843269,-0.044748846,-0.106159166,-0.10485277,-0.072410606,-0.10906873,-0.14577702,0.011089738,-0.101135306,-0.10111956,0.015260067,-0.06167218,-0.033605076,-0.13095737,-0.5107846,-0.20724927,-0.10233116,-0.27815676,-0.23830557,-0.17758924,-0.14456291,-0.10180756,-0.2982713,-0.14398053,-0.2952673,-0.14512512,-0.25367188,-0.14206433,-0.11528016,-0.1346979,-1.0529191,-0.72255856
42,-0.04760313,-0.96186477,0.0,1.0,1.3231401,-0.075838,-0.3774477,0.0,1.0,0.89925885,0.5780397,-0.11353161,0.50395024,1.6163303,0.7738392,-0.5381894,0.5471698,-0.22941573,0.70644134,0.40282,-0.17843269,-0.044748846,-0.106159166,-0.10485277,-0.072410606,-0.10906873,-0.14577702,0.011089738,-0.101135306,-0.10111956,0.015260067,-0.06167218,-0.033605076,-0.13095737,1.9951832,-0.20724927,-0.10233116,-0.27815676,-0.23830557,5.6854286,-0.14456291,-0.10180756,0.22359909,-0.09908365,-0.2952673,-0.14512512,-0.25367188,-0.14206433,-0.11528016,-0.1346979,-1.0529191,0.06993039
43,-0.04760313,0.7996554,1.0,1.0,-0.834645,-0.42969567,-0.3774477,1.0,1.0,-0.5786015,-1.1186967,-0.04682227,-0.7251967,-0.5522709,0.7738392,-0.15965022,-1.3396226,-0.22941573,-1.3150654,-0.24698792,-0.17843269,-0.044748846,-0.106159166,-0.10485277,-0.072410606,-0.10906873,-0.14577702,0.011089738,-0.101135306,-0.10111956,0.015260067,-0.06167218,-0.033605076,-0.13095737,-0.5107846,-0.20724927,-0.10233116,-0.27815676,-0.23830557,-0.17758924,-0.14456291,-0.10180756,-0.3401454,-0.20449577,-0.2952673,-0.14512512,-0.25367188,-0.14206433,-0.11528016,-0.1346979,0.048777852,-0.72255856
44,-0.04760313,0.6706927,1.0,1.0,-1.8666291,-0.7835533,-0.3774477,4.0,0.0,-0.45578042,0.2652464,1.4207834,-0.7251967,-0.9859911,-1.191628,0.054332398,-1.3396226,-0.22941573,-1.3150654,-0.24698792,-0.17843269,-0.044748846,-0.106159166,-0.10485277,-0.072410606,-0.10906873,-0.14577702,0.011089738,-0.101135306,-0.10111956,0.015260067,-0.06167218,-0.033605076,-0.13095737,-0.5107846,-0.20724927,-0.10233116,-0.27815676,-0.23830557,-0.17758924,-0.14456291,-0.10180756,-0.7339828,-0.249127,-0.2952673,-0.14512512,-0.25367188,-0.14206433,-0.11528016,-0.1346979,3.3538687,-0.72255856
45,-0.04760313,-0.21188687,0.0,0.0,-0.7408282,0.985735,0.5723328,0.0,2.0,-0.13524339,0.5780397,0.45349783,-0.7251967,1.6163303,0.7738392,0.9331767,1.490566,-0.22941573,1.024338,-0.24698792,-0.17843269,-0.044748846,-0.106159166,-0.10485277,-0.072410606,-0.10906873,-0.14577702,0.011089738,-0.101135306,-0.10111956,0.015260067,-0.06167218,-0.033605076,-0.13095737,1.9951832,-0.20724927,-0.10233116,-0.27815676,-0.23830557,-0.17758924,-0.14456291,-0.10180756,0.28611958,0.23984796,-0.2952673,-0.14512512,-0.25367188,-0.14206433,-0.11528016,-0.1346979,-1.0529191,0.8624193
46,-0.04760313,0.25159296,0.0,1.0,-0.64701146,1.6934503,0.8889263,4.0,2.0,-0.7263875,0.5780397,-0.9473984,0.50395024,1.18261,0.7738392,1.6229001,-1.3396226,4.358899,0.021736542,-0.24698792,-0.17843269,-0.044748846,-0.106159166,-0.10485277,-0.072410606,-0.10906873,-0.14577702,0.011089738,-0.101135306,-0.10111956,0.015260067,-0.06167218,-0.033605076,-0.13095737,1.9951832,-0.20724927,-0.10233116,-0.27815676,-0.23830557,-0.17758924,-0.14456291,-0.10180756,1.0070487,0.6582826,3.3911219,-0.14512512,-0.25367188,-0.14206433,-0.11528016,-0.1346979,1.1504748,-0.72255856
47,-0.04760313,-0.02412586,0.0,1.0,0.3849727,-0.075838,-1.0106347,0.0,2.0,1.9337611,-0.7793494,-0.580497,0.50395024,-0.9859911,-1.191628,-0.016689349,-1.3396226,-0.22941573,-1.3150654,-0.24698792,-0.17843269,-0.044748846,-0.106159166,-0.10485277,-0.072410606,-0.10906873,-0.14577702,0.011089738,-0.101135306,-0.10111956,0.015260067,-0.06167218,-0.033605076,-0.13095737,-0.5107846,-0.20724927,-0.10233116,3.6424713,-0.23830557,-0.17758924,-0.14456291,-0.10180756,1.0070487,0.6582826,-0.2952673,-0.14512512,-0.25367188,-0.14206433,-0.11528016,-0.1346979,0.048777852,0.06993039
48,-0.04760313,-0.45338997,1.0,1.0,1.6045903,-0.11328818,-0.090432905,1.5805128,1.0,-0.2684642,-0.66145235,-1.0474625,0.50395024,-0.118550695,0.7738392,-0.61361283,1.490566,-0.22941573,1.024338,-0.24698792,-0.17843269,-0.044748846,-0.106159166,-0.10485277,-0.072410606,-0.10906873,-0.14577702,0.011089738,-0.101135306,-0.10111956,0.015260067,-0.06167218,-0.033605076,-0.13095737,-0.5107846,-0.20724927,-0.10233116,3.6424713,-0.23830557,-0.17758924,-0.14456291,-0.10180756,0.2869113,0.06602365,3.3911219,-0.14512512,-0.25367188,-0.14206433,-0.11528016,-0.1346979,-0.47297138,0.23231271
49,-0.04760313,-0.004676902,0.0,1.0,-0.834645,-0.42969567,-0.3774477,0.0,0.0,-1.0219595,-0.949023,0.1493605,-0.7251967,-0.9859911,-1.191628,-0.18557024,0.5471698,-0.22941573,-0.64666444,-0.24698792,-0.17843269,-0.044748846,-0.106159166,-0.10485277,-0.072410606,-0.10906873,-0.14577702,0.011089738,-0.101135306,-0.10111956,0.015260067,-0.06167218,-0.033605076,-0.13095737,-0.5107846,-0.20724927,-0.10233116,-0.27815676,-0.23830557,-0.17758924,-0.14456291,-0.10180756,-0.35010275,-0.1568858,-0.2952673,-0.14512512,-0.25367188,-0.14206433,-0.11528016,-0.1346979,0.048777852,2.4473972
50,-0.04760313,0.4419856,1.0,1.0,-0.17792775,1.3395927,2.1553004,4.0,2.0,-1.0219595,-1.9670649,-0.48043302,1.7330972,1.6163303,0.7738392,0.8199157,1.490566,-0.22941573,1.024338,-0.24698792,-0.17843269,-0.044748846,-0.106159166,-0.10485277,-0.072410606,-0.10906873,-0.14577702,0.011089738,-0.101135306,-0.10111956,0.015260067,-0.06167218,-0.033605076,-0.13095737,-0.5107846,-0.20724927,-0.10233116,-0.27815676,-0.23830557,-0.17758924,-0.14456291,-0.10180756,0.33830962,0.5990384,-0.2952673,-0.14512512,-0.25367188,-0.14206433,-0.11528016,-0.1346979,0.048777852,-0.72255856
51,-0.04760313,-0.2341135,1.0,1.0,0.19733922,-0.42969567,-0.3774477,0.0,0.0,-0.2830294,0.5780397,-0.6138517,-0.7251967,-0.9859911,-1.191628,-0.012161776,0.5471698,-0.22941573,1.024338,-0.24698792,-0.17843269,-0.044748846,-0.106159166,-0.10485277,-0.072410606,-0.10906873,-0.14577702,0.011089738,-0.101135306,-0.10111956,0.015260067,-0.06167218,-0.033605076,-0.13095737,-0.5107846,-0.20724927,-0.10233116,-0.27815676,-0.23830557,-0.17758924,-0.14456291,-0.10180756,1.0070487,1.5331246,-0.2952673,-0.14512512,-0.25367188,-0.14206433,-0.11528016,-0.1346979,-1.0529191,0.06993039
52,-0.04760313,-0.23145938,0.0,0.0,-1.1160952,-0.26179725,-0.02175657,4.0,2.0,-0.8741736,-0.7793494,0.1199511,-0.7251967,-0.9859911,-1.191628,0.0808057,0.5471698,-0.22941573,1.024338,-0.24698792,-0.17843269,-0.044748846,-0.106159166,-0.10485277,-0.072410606,-0.10906873,-0.14577702,0.011089738,-0.101135306,-0.10111956,0.015260067,-0.06167218,-0.033605076,-0.13095737,1.9951832,-0.20724927,-0.10233116,-0.27815676,-0.23830557,-0.17758924,-0.14456291,-0.10180756,-0.13963133,0.03604239,-0.2952673,-0.14512512,-0.25367188,-0.14206433,-0.11528016,-0.1346979,1.1504748,-0.72255856
53,-0.04760313,-0.08404984,1.0,1.0,-0.45937797,-0.075838,0.2557393,0.0,1.0,-1.6131037,-0.60967577,-0.41372368,2.9622443,1.6163303,0.7738392,-0.01679819,0.5471698,-0.22941573,1.024338,-0.24698792,-0.17843269,-0.044748846,-0.106159166,-0.10485277,-0.072410606,-0.10906873,-0.14577702,0.011089738,-0.101135306,-0.10111956,0.015260067,-0.06167218,-0.033605076,-0.13095737,-0.5107846,-0.20724927,-0.10233116,-0.27815676,-0.23830557,-0.17758924,-0.14456291,-0.10180756,-0.15013649,0.03299986,-0.2952673,-0.14512512,-0.25367188,-0.14206433,-0.11528016,-0.1346979,-1.0529191,0.8624193
54,-0.04760313,0.16455416,1.0,1.0,-1.0222784,0.27801967,1.2055198,1.0,0.0,3.8549795,2.4444497,-1.2809452,-0.7251967,-0.9859911,-1.191628,0.80790085,0.5471698,-0.22941573,-0.9808649,-0.24698792,-0.17843269,-0.044748846,-0.106159166,-0.10485277,-0.072410606,-0.10906873,-0.14577702,0.011089738,-0.101135306,-0.10111956,0.015260067,-0.06167218,-0.033605076,-0.13095737,-0.5107846,-0.20724927,-0.10233116,-0.27815676,-0.23830557,-0.17758924,-0.14456291,-0.10180756,-0.4437349,0.6582826,-0.2952673,-0.14512512,-0.25367188,-0.14206433,-0.11528016,-0.1346979,0.048777852,-0.72255856
55,-0.04760313,0.57804805,1.0,1.0,-0.2717445,-0.31171593,-0.30958807,0.0,0.0,2.6726913,2.274776,0.52020717,-0.7251967,-0.9859911,-1.191628,0.09234662,-1.3396226,-0.22941573,-1.3150654,-0.24698792,-0.17843269,-0.044748846,-0.106159166,-0.10485277,-0.072410606,-0.10906873,-0.14577702,0.011089738,-0.101135306,-0.10111956,0.015260067,-0.06167218,-0.033605076,-0.13095737,1.9951832,-0.20724927,-0.10233116,-0.27815676,-0.23830557,-0.17758924,-0.14456291,-0.10180756,-0.3992793,-0.16860737,-0.2952673,-0.14512512,-0.25367188,-0.14206433,-0.11528016,-0.1346979,-1.0529191,1.6549082
56,-0.04760313,-0.35822132,0.0,1.0,0.76023966,0.27801967,0.2557393,4.0,1.0,0.6036868,0.5780397,1.0205272,0.50395024,-0.118550695,1.7565727,0.072108485,-1.3396226,-0.22941573,-1.3150654,-0.24698792,-0.17843269,-0.044748846,-0.106159166,-0.10485277,-0.072410606,-0.10906873,-0.14577702,0.011089738,-0.101135306,-0.10111956,0.015260067,-0.06167218,-0.033605076,-0.13095737,-0.5107846,-0.20724927,-0.10233116,-0.27815676,-0.23830557,-0.17758924,-0.14456291,-0.10180756,0.027999327,0.005438274,-0.2952673,-0.14512512,-0.25367188,-0.14206433,-0.11528016,-0.1346979,-1.0529191,-0.72255856
57,-0.04760313,0.2012109,1.0,0.66914845,1.0416899,-0.075838,-0.3774477,4.0,0.0,0.0125426585,0.5780397,1.4207834,-0.7251967,-0.9859911,-1.191628,-0.34813052,1.490566,-0.22941573,1.024338,-0.24698792,-0.17843269,-0.044748846,-0.106159166,-0.10485277,-0.072410606,-0.10906873,-0.14577702,0.011089738,-0.101135306,-0.10111956,0.015260067,-0.06167218,-0.033605076,-0.13095737,-0.5107846,-0.20724927,-0.10233116,-0.27815676,-0.23830557,-0.17758924,-0.14456291,-0.10180756,0.06841515,-0.064204395,-0.2952673,-0.14512512,-0.25367188,-0.14206433,-0.11528016,-0.1346979,0.048777852,-0.72255856
58,-0.04760313,0.05816613,0.0,1.0,0.47878945,0.27801967,0.2557393,0.0,1.0,-0.008789706,0.16719076,0.68698055,-0.7251967,1.18261,0.7738392,0.029544316,0.5471698,-0.22941573,0.50591195,-0.24698792,-0.17843269,-0.044748846,-0.106159166,-0.10485277,-0.072410606,-0.10906873,-0.14577702,0.011089738,-0.101135306,-0.10111956,0.015260067,-0.06167218,-0.033605076,-0.13095737,-0.5107846,-0.20724927,-0.10233116,-0.27815676,-0.23830557,-0.17758924,-0.14456291,-0.10180756,0.04851481,0.05125563,-0.2952673,-0.14512512,-0.25367188,-0.14206433,-0.11528016,-0.1346979,-1.0529191,2.4473972
59,-0.04760313,-0.95722604,0.0,0.0,1.698407,-0.7835533,-0.3774477,4.0,2.0,-0.25843102,0.03493994,0.022045214,-0.7251967,1.6163303,0.7738392,-0.97005844,0.5471698,-0.22941573,1.024338,-0.24698792,-0.17843269,-0.044748846,-0.106159166,-0.10485277,-0.072410606,-0.10906873,-0.14577702,0.011089738,-0.101135306,-0.10111956,0.015260067,-0.06167218,-0.033605076,-0.13095737,1.9951832,-0.20724927,-0.10233116,-0.27815676,-0.23830557,-0.17758924,-0.14456291,-0.10180756,0.5234542,0.6582826,-0.2952673,-0.14512512,-0.25367188,-0.14206433,-0.11528016,-0.1346979,0.048777852,-0.72255856
60,-0.04760313,-0.25282067,0.0,0.66448194,0.9478732,-0.7835533,-0.3774477,0.0,1.0,1.0470449,-0.10065484,-0.04682227,0.50395024,0.74888974,0.7738392,-0.9956103,0.5471698,-0.22941573,1.024338,-0.24698792,-0.17843269,-0.044748846,-0.106159166,-0.10485277,-0.072410606,-0.10906873,-0.14577702,0.011089738,-0.101135306,-0.10111956,0.015260067,-0.06167218,-0.033605076,-0.13095737,-0.5107846,-0.20724927,-0.10233116,-0.27815676,-0.23830557,-0.17758924,-0.14456291,-0.10180756,-0.1875841,-0.18606307,-0.2952673,-0.14512512,-0.25367188,-0.14206433,-0.11528016,-0.1346979,0.048777852,0.06993039
61,-0.04760313,-0.11236618,1.0,1.0,-2.7109797,0.27801967,0.8889263,0.0,1.0,0.27618232,0.15532519,-1.1475265,-0.7251967,-0.118550695,0.7738392,1.1295458,0.5471698,-0.22941573,-0.9808649,-0.24698792,5.685281,-0.044748846,-0.106159166,-0.10485277,-0.072410606,-0.10906873,-0.14577702,0.011089738,-0.101135306,-0.10111956,0.015260067,-0.06167218,-0.033605076,-0.13095737,-0.5107846,-0.20724927,-0.10233116,-0.27815676,-0.23830557,-0.17758924,-0.14456291,-0.10180756,-0.35299936,0.22670592,-0.2952673,-0.14512512,-0.25367188,-0.14206433,-0.11528016,-0.1346979,-1.0529191,0.06993039
62,-0.04760313,-0.066969186,0.0,1.0,0.47878945,-0.7835533,-1.0106347,4.0,1.1273845,-0.2830294,-2.815433,-0.64720637,-0.7251967,0.12370768,0.018290209,-0.9233162,0.5471698,-0.22941573,1.024338,-0.24698792,-0.17843269,-0.044748846,-0.106159166,-0.10485277,-0.072410606,-0.10906873,-0.14577702,0.011089738,-0.101135306,-0.10111956,0.015260067,-0.06167218,-0.033605076,-0.13095737,-0.5107846,-0.20724927,-0.10233116,-0.27815676,4.3398013,-0.17758924,-0.14456291,-0.10180756,0.13131423,-0.23082548,-0.2952673,-0.14512512,3.9580197,-0.14206433,-0.11528016,-0.1346979,1.1504748,-0.72255856
63,-0.04760313,0.111946106,0.0,1.0,0.29115596,2.047308,0.8889263,0.0,1.0,0.18635683,0.5117951,-0.48043302,0.50395024,1.6163303,0.7738392,1.7005098,-1.3396226,4.358899,1.024338,-0.24698792,5.685281,-0.044748846,-0.106159166,-0.10485277,-0.072410606,-0.10906873,-0.14577702,0.011089738,-0.101135306,-0.10111956,0.015260067,-0.06167218,-0.033605076,-0.13095737,-0.5107846,-0.20724927,-0.10233116,-0.27815676,-0.23830557,-0.17758924,-0.14456291,-0.10180756,2.2160351,1.5331246,-0.2952673,-0.14512512,-0.25367188,-0.14206433,-0.11528016,-0.1346979,0.048777852,-0.72255856
64,-0.04760313,-1.046157,0.0,1.0,0.5726062,-0.7835533,-0.3774477,1.0,2.0,-1.4653177,0.5780397,-0.9807531,-0.7251967,1.6163303,0.7738392,-0.66602224,-1.3396226,-0.22941573,-1.3150654,-0.24698792,-0.17843269,-0.044748846,-0.106159166,-0.10485277,-0.072410606,-0.10906873,-0.14577702,0.011089738,-0.101135306,-0.10111956,0.015260067,-0.06167218,-0.033605076,-0.13095737,-0.5107846,-0.20724927,-0.10233116,-0.27815676,-0.23830557,-0.17758924,-0.14456291,-0.10180756,-0.25064412,-0.24495855,-0.2952673,-0.14512512,-0.25367188,-0.14206433,-0.11528016,-0.1346979,0.048777852,-0.72255856
65,-0.04760313,-0.02496523,1.0,1.0,-0.45937797,-0.42969567,-0.3774477,0.0,1.0,-1.7608898,-0.60967577,0.65362585,0.50395024,-0.5522709,0.7738392,-0.2240726,-1.3396226,-0.22941573,-1.3150654,-0.24698792,-0.17843269,-0.044748846,-0.106159166,-0.10485277,-0.072410606,-0.10906873,6.998212,0.011089738,-0.101135306,-0.10111956,0.015260067,-0.06167218,-0.033605076,-0.13095737,-0.5107846,-0.20724927,-0.10233116,-0.27815676,-0.23830557,-0.17758924,-0.14456291,-0.10180756,-0.38152322,-0.2058492,-0.2952673,-0.14512512,-0.25367188,-0.14206433,-0.11528016,-0.1346979,-1.0529191,2.4473972
66,-0.04760313,-0.37926412,1.0,1.0,-3.1800635,0.985735,0.8889263,1.0,2.0,-1.4653177,-0.10065484,-1.5811373,0.50395024,-0.5522709,2.7393064,1.8107574,0.5471698,-0.22941573,-0.9808649,-0.24698792,-0.17843269,-0.044748846,-0.106159166,-0.10485277,-0.072410606,-0.10906873,-0.14577702,0.011089738,-0.101135306,-0.10111956,0.015260067,-0.06167218,-0.033605076,-0.13095737,-0.5107846,-0.20724927,-0.10233116,-0.27815676,-0.23830557,-0.17758924,-0.14456291,-0.10180756,0.2816569,0.6582826,-0.2952673,-0.14512512,-0.25367188,-0.14206433,-0.11528016,-0.1346979,0.048777852,-0.72255856
67,-0.04760313,-0.75207853,0.0,0.0,1.6045903,-0.3467869,-0.35055032,4.0,1.0,-1.4653177,-0.60967577,-0.28030497,-0.7251967,-0.118550695,0.7738392,-0.9822047,-1.3396226,-0.22941573,-1.3150654,-0.24698792,-0.17843269,-0.044748846,-0.106159166,-0.10485277,-0.072410606,-0.10906873,-0.14577702,0.011089738,-0.101135306,-0.10111956,0.015260067,-0.06167218,-0.033605076,-0.13095737,-0.5107846,-0.20724927,-0.10233116,-0.27815676,-0.23830557,-0.17758924,-0.14456291,-0.10180756,-0.030137878,-0.24223602,-0.2952673,-0.14512512,-0.25367188,-0.14206433,-0.11528016,-0.1346979,1.1504748,-0.72255856
68,-0.04760313,0.20899262,1.0,0.0,-0.36556125,2.047308,0.8889263,4.0,1.0,2.6726913,-0.10065484,-0.9140438,-0.7251967,-0.5522709,0.7738392,1.9260465,0.5471698,-0.22941573,0.35593703,-0.24698792,-0.17843269,-0.044748846,-0.106159166,-0.10485277,-0.072410606,-0.10906873,-0.14577702,0.011089738,-0.101135306,-0.10111956,0.015260067,-0.06167218,-0.033605076,-0.13095737,-0.5107846,-0.20724927,-0.10233116,-0.27815676,-0.23830557,-0.17758924,-0.14456291,-0.10180756,2.4578323,1.5331246,-0.2952673,-0.14512512,-0.25367188,-0.14206433,-0.11528016,-0.1346979,0.048777852,-0.72255856
69,-0.04760313,0.3122498,0.0,1.0,-0.7408282,-0.075838,0.2557393,3.0,1.0,-0.2830294,-0.60967577,0.9871726,-0.7251967,-0.5522709,-0.20889442,0.10111668,0.5471698,-0.22941573,0.35593703,-0.24698792,-0.17843269,-0.044748846,-0.106159166,-0.10485277,-0.072410606,-0.10906873,-0.14577702,0.011089738,-0.101135306,-0.10111956,0.015260067,-0.06167218,-0.033605076,-0.13095737,-0.5107846,-0.20724927,-0.10233116,-0.27815676,-0.23830557,-0.17758924,-0.14456291,-0.10180756,-0.2799061,0.016712276,-0.2952673,-0.14512512,-0.25367188,-0.14206433,-0.11528016,-0.1346979,2.2521718,-0.72255856
70,-0.04760313,-0.36731014,1.0,1.0,0.10352247,-0.42969567,-0.3774477,4.0,0.0,0.30811474,1.5960815,1.1205913,-0.7251967,-0.9859911,-1.191628,-0.19832043,-1.3396226,-0.22941573,-1.3150654,-0.24698792,-0.17843269,-0.044748846,-0.106159166,-0.10485277,-0.072410606,-0.10906873,-0.14577702,0.011089738,-0.101135306,-0.10111956,0.015260067,-0.06167218,-0.033605076,-0.13095737,-0.5107846,-0.20724927,-0.10233116,-0.27815676,-0.23830557,-0.17758924,-0.14456291,-0.10180756,-0.9273295,-0.2165594,-0.2952673,-0.14512512,-0.25367188,-0.14206433,-0.11528016,-0.1346979,0.048777852,-0.72255856
71,-0.04760313,0.36470312,0.0,1.0,0.76023966,-0.075838,-0.3774477,0.0,1.0,1.0470449,0.5780397,0.053241752,-0.7251967,1.6163303,0.7738392,-0.23451173,0.5471698,-0.22941573,1.024338,-0.24698792,-0.17843269,-0.044748846,-0.106159166,-0.10485277,-0.072410606,-0.10906873,-0.14577702,0.011089738,-0.101135306,-0.10111956,0.015260067,-0.06167218,-0.033605076,-0.13095737,-0.5107846,-0.20724927,-0.10233116,-0.27815676,-0.23830557,-0.17758924,-0.14456291,-0.10180756,0.039859626,-0.2165594,-0.2952673,-0.14512512,-0.25367188,-0.14206433,-0.11528016,-0.1346979,0.048777852,1.6549082
72,-0.04760313,-0.23432098,0.0,1.0,1.2293234,-0.42969567,-0.3774477,4.0,0.0,-0.07944264,0.24076758,1.7876848,-0.7251967,-0.9859911,-1.191628,-0.7320646,0.5471698,-0.22941573,1.024338,-0.24698792,-0.17843269,-0.044748846,-0.106159166,-0.10485277,-0.072410606,-0.10906873,-0.14577702,0.011089738,-0.101135306,-0.10111956,0.015260067,-0.06167218,-0.033605076,-0.13095737,-0.15900409,-0.045453325,0.040982444,-0.27815676,-0.23830557,-0.17758924,-0.14456291,-0.10180756,-0.087432444,-0.12285796,-0.2952673,-0.14512512,-0.25367188,-0.14206433,-0.11528016,-0.1346979,0.048777852,-0.72255856
73,-0.04760313,-0.015062767,1.0,1.0,-0.08411101,1.6934503,1.5221133,1.0,2.0,0.0125426585,0.5780397,-0.7806251,0.50395024,-0.118550695,0.7738392,1.3519892,-1.3396226,-0.22941573,-1.3150654,-0.24698792,-0.17843269,-0.044748846,-0.106159166,-0.10485277,-0.072410606,-0.10906873,-0.14577702,0.011089738,-0.101135306,-0.10111956,0.015260067,-0.06167218,-0.033605076,-0.13095737,-0.5107846,-0.20724927,-0.10233116,-0.27815676,-0.23830557,-0.17758924,-0.14456291,-0.10180756,0.4173005,0.47495466,-0.2952673,-0.14512512,-0.25367188,-0.14206433,-0.11528016,-0.1346979,0.048777852,0.06993039
74,-0.04760313,-0.5853366,0.0,1.0,-0.834645,0.6318773,0.8889263,0.0,2.0,1.194831,-1.1186967,-0.14688629,0.50395024,1.6163303,0.7738392,0.4884081,0.5471698,-0.22941573,0.6901375,1.8217499,-0.17843269,-0.044748846,-0.106159166,-0.10485277,-0.072410606,-0.10906873,-0.14577702,0.011089738,-0.101135306,-0.10111956,0.015260067,-0.06167218,-0.033605076,-0.13095737,-0.5107846,-0.20724927,-0.10233116,3.6424713,-0.23830557,-0.17758924,-0.14456291,-0.10180756,0.020920647,0.21521948,-0.2952673,-0.14512512,-0.25367188,-0.14206433,-0.11528016,-0.1346979,0.048777852,2.4473972
75,-0.04760313,0.72786015,1.0,0.0,-0.08411101,-1.8451263,-1.6438217,1.0,2.0,-0.7263875,0.5780397,-0.580497,1.7330972,1.6163303,0.7738392,-1.3985803,-1.3396226,-0.22941573,-1.3150654,0.5951475,-0.17843269,-0.044748846,-0.106159166,-0.10485277,-0.072410606,-0.10906873,-0.14577702,0.011089738,-0.101135306,-0.10111956,0.015260067,-0.06167218,-0.033605076,-0.13095737,-0.5107846,-0.20724927,-0.10233116,-0.27815676,-0.23830557,-0.17758924,-0.14456291,-0.10180756,-0.5961416,-0.6792793,-0.2952673,-0.14512512,-0.25367188,-0.14206433,-0.11528016,-0.1346979,0.048777852,-0.72255856
76,-0.04760313,-1.3491634,0.0,0.0,-0.08411101,-0.1899243,0.0018648036,1.0,2.0,0.30811474,0.5780397,-1.714556,-0.7251967,-0.9859911,-1.191628,-1.1965579,0.5471698,-0.22941573,0.35593703,-0.24698792,-0.17843269,-0.044748846,-0.106159166,-0.10485277,-0.072410606,-0.10906873,-0.14577702,0.011089738,-0.101135306,-0.10111956,0.015260067,-0.06167218,-0.033605076,-0.13095737,-0.5107846,-0.20724927,-0.10233116,3.6424713,-0.23830557,-0.17758924,-0.14456291,-0.10180756,0.11303911,0.10071846,-0.24640797,-0.024762226,-0.21400367,-0.10832477,1.4725231,4.2447014,0.048777852,-0.72255856
77,-0.04760313,-0.09236093,0.0,0.0,0.9478732,0.27801967,0.2557393,0.0,2.0,0.75147283,0.5780397,-0.7806251,2.9622443,-0.9859911,-1.191628,-0.019139329,0.5471698,-0.22941573,1.024338,-0.24698792,-0.17843269,-0.044748846,-0.106159166,-0.10485277,-0.072410606,-0.10906873,-0.14577702,0.011089738,-0.101135306,-0.10111956,0.015260067,-0.06167218,-0.033605076,-0.13095737,-0.5107846,-0.20724927,-0.10233116,-0.27815676,-0.23830557,-0.17758924,-0.14456291,-0.10180756,0.25945902,0.19905369,-0.2952673,-0.14512512,-0.25367188,-0.14206433,-0.11528016,-0.1346979,-1.0529191,1.6549082
78,-0.04760313,0.29259512,0.0,1.0,0.4463838,-1.4912686,-1.6438217,1.0347902,1.0,0.6036868,-0.7793494,-1.0474625,1.7330972,1.6163303,0.7738392,-1.3887045,0.5471698,-0.22941573,0.6901375,-0.24698792,-0.17843269,-0.044748846,-0.106159166,-0.10485277,-0.072410606,-0.10906873,-0.14577702,0.011089738,-0.101135306,-0.10111956,0.015260067,-0.06167218,-0.033605076,-0.13095737,-0.5107846,-0.20724927,-0.10233116,-0.27815676,-0.23830557,-0.17758924,-0.14456291,-0.10180756,-1.410924,-0.2165594,-0.2952673,-0.14512512,-0.25367188,-0.14206433,-0.11528016,-0.1346979,-0.48260427,-0.0077971863
79,-0.04760313,-1.0428014,1.0,1.0,-0.5531947,-0.35067412,-0.25850037,0.0,2.0,0.1603287,0.5780397,0.22001512,-0.7251967,-0.118550695,0.7738392,0.029642664,-1.3396226,-0.22941573,-1.3150654,-0.24698792,-0.17843269,-0.044748846,-0.106159166,-0.10485277,-0.072410606,-0.10906873,-0.14577702,0.011089738,-0.101135306,-0.10111956,0.015260067,-0.06167218,-0.033605076,-0.13095737,-0.5107846,-0.20724927,-0.10233116,-0.27815676,-0.23830557,-0.17758924,-0.14456291,-0.10180756,-0.2720107,-0.15806974,-0.2952673,-0.14512512,-0.25367188,-0.14206433,-0.11528016,-0.1346979,-1.0529191,-0.72255856
80,-0.04760313,-0.14033122,1.0,0.0,0.10352247,1.3395927,0.8889263,0.0,1.0,0.36746243,0.26374826,0.92046326,-0.7251967,1.18261,0.7738392,0.9761909,1.490566,-0.22941573,1.024338,3.8904877,-0.17843269,-0.044748846,-0.106159166,-0.10485277,-0.072410606,-0.10906873,-0.14577702,0.011089738,-0.101135306,-0.10111956,0.015260067,-0.06167218,-0.033605076,-0.13095737,-0.5107846,4.897863,-0.10233116,-0.27815676,-0.23830557,-0.17758924,-0.14456291,-0.10180756,0.46832055,0.33727384,-0.2952673,-0.14512512,3.9580197,-0.14206433,-0.11528016,-0.1346979,-1.0529191,0.8624193
81,-0.04760313,-0.085394695,1.0,1.0,-1.6789956,-0.075838,0.2557393,4.0,0.0,-0.43081546,-0.60967577,-1.1141719,-0.7251967,-0.9859911,-1.191628,1.8107574,-1.3396226,-0.22941573,-1.3150654,-0.24698792,-0.17843269,-0.044748846,-0.106159166,-0.10485277,-0.072410606,-0.10906873,-0.14577702,0.011089738,-0.101135306,-0.10111956,0.015260067,-0.06167218,-0.033605076,-0.13095737,-0.5107846,-0.20724927,-0.10233116,-0.27815676,-0.23830557,-0.17758924,-0.14456291,-0.10180756,-1.410924,-1.0914013,-0.2952673,-0.14512512,-0.25367188,-0.14206433,-0.11528016,-0.1346979,0.048777852,-0.72255856
82,-0.04760313,0.3560145,1.0,0.6689966,-0.5531947,0.6318773,0.8889263,1.0,2.0,-0.8741736,1.0870606,-0.14688629,1.7330972,-0.118550695,0.7738392,0.80412346,0.5471698,-0.22941573,1.024338,-0.24698792,-0.17843269,-0.044748846,-0.106159166,-0.10485277,-0.072410606,-0.10906873,-0.14577702,0.011089738,-0.101135306,-0.10111956,0.015260067,-0.06167218,-0.033605076,-0.13095737,-0.5107846,4.897863,-0.10233116,-0.27815676,-0.23830557,-0.17758924,-0.14456291,-0.10180756,0.1250627,0.32416013,-0.2952673,-0.14512512,-0.25367188,-0.14206433,-0.11528016,-0.1346979,0.048777852,-0.72255856
83,-0.04760313,0.56328434,1.0,1.0,0.10352247,0.6318773,0.2557393,1.0,2.0,-0.13524339,0.5780397,0.18666045,-0.7251967,-0.9859911,-1.191628,0.5425039,0.5471698,-0.22941573,-0.64666444,-0.24698792,-0.17843269,-0.044748846,-0.106159166,-0.10485277,-0.072410606,-0.10906873,-0.14577702,0.011089738,-0.101135306,-0.10111956,0.015260067,-0.06167218,-0.033605076,-0.13095737,-0.5107846,-0.20724927,-0.10233116,-0.27815676,-0.23830557,-0.17758924,-0.14456291,-0.10180756,0.22652039,0.14645842,-0.2952673,-0.14512512,-0.25367188,-0.14206433,-0.11528016,-0.1346979,0.048777852,-0.72255856
84,-0.04760313,-0.24527192,1.0,0.0,1.4169569,-0.075838,0.8889263,0.0,0.0,-0.5786015,0.40836605,-0.9807531,-0.7251967,-0.9859911,-1.191628,-0.45467472,-1.3396226,-0.22941573,-1.3150654,-0.24698792,-0.17843269,-0.044748846,-0.106159166,-0.10485277,-0.072410606,-0.10906873,-0.14577702,0.011089738,-0.101135306,-0.10111956,0.015260067,-0.06167218,-0.033605076,-0.13095737,1.9951832,-0.20724927,-0.10233116,-0.27815676,-0.23830557,-0.17758924,-0.14456291,-0.10180756,-0.11463125,0.13113724,-0.2952673,-0.14512512,-0.25367188,-0.14206433,-0.11528016,-0.1346979,-1.0529191,0.8624193
85,-0.04760313,-0.72519994,0.0,0.0,0.47878945,-0.075838,-0.3774477,1.0,1.0,-0.7263875,-0.10065484,-0.7806251,0.50395024,-0.5522709,0.7738392,-0.17869481,0.5471698,-0.22941573,0.6901375,-0.24698792,-0.17843269,-0.044748846,-0.106159166,-0.10485277,-0.072410606,-0.10906873,6.998212,0.011089738,9.949762,-0.10111956,0.015260067,-0.06167218,-0.033605076,-0.13095737,-0.5107846,4.897863,-0.10233116,-0.27815676,-0.23830557,-0.17758924,-0.14456291,-0.10180756,0.15720916,-0.03046787,-0.2952673,-0.14512512,-0.25367188,-0.14206433,-0.11528016,-0.1346979,0.048777852,-0.72255856
86,-0.04760313,0.6215351,0.0,0.0,0.5726062,-0.42969567,-0.3774477,0.0,0.0,-1.4653177,0.5780397,-0.9807531,1.7330972,-0.9859911,-1.191628,-0.2584153,-1.3396226,-0.22941573,-1.3150654,-0.24698792,-0.17843269,-0.044748846,-0.106159166,-0.10485277,-0.072410606,-0.10906873,-0.14577702,0.011089738,-0.101135306,-0.10111956,0.015260067,-0.06167218,-0.033605076,-0.13095737,-0.5107846,-0.20724927,-0.10233116,-0.27815676,-0.23830557,-0.17758924,-0.14456291,-0.10180756,0.039859626,0.6582826,3.3911219,-0.14512512,-0.25367188,-0.14206433,-0.11528016,-0.1346979,-1.0529191,0.8624193
87,-0.04760313,0.5484419,0.0,0.0,1.1355066,0.6318773,0.8889263,2.0,0.0,1.490403,0.7477133,-0.5471424,-0.7251967,-0.9859911,-1.191628,0.06288165,0.5471698,-0.22941573,0.35593703,-0.24698792,-0.17843269,-0.044748846,-0.106159166,-0.10485277,-0.072410606,-0.10906873,-0.14577702,0.011089738,-0.101135306,-0.10111956,0.015260067,-0.06167218,-0.033605076,-0.13095737,-0.5107846,4.897863,-0.10233116,-0.27815676,-0.23830557,-0.17758924,-0.14456291,-0.10180756,0.3115146,0.2866694,-0.2952673,-0.14512512,-0.25367188,-0.14206433,-0.11528016,-0.1346979,0.048777852,-0.72255856
88,-0.04760313,-0.27371302,0.0,1.0,0.47878945,-0.075838,0.2557393,4.0,1.0,-1.0219595,1.0870606,2.5214875,-0.7251967,1.18261,0.7738392,-0.15658166,0.5471698,-0.22941573,1.024338,-0.24698792,-0.17843269,-0.044748846,-0.106159166,-0.10485277,-0.072410606,-0.10906873,-0.14577702,0.011089738,-0.101135306,-0.10111956,0.015260067,-0.06167218,-0.033605076,-0.13095737,1.9951832,-0.20724927,-0.10233116,-0.27815676,-0.23830557,-0.17758924,-0.14456291,-0.10180756,-0.14057554,-0.015833763,-0.2952673,-0.14512512,-0.25367188,-0.14206433,-0.11528016,-0.1346979,2.2521718,-0.72255856
89,-0.04760313,0.12412509,1.0,1.0,-2.5233464,-0.7835533,-0.06085419,0.0,1.0,0.1603287,-0.60967577,1.25401,-0.7251967,0.74888974,0.7738392,1.8107574,-1.3396226,-0.22941573,-1.3150654,-0.24698792,-0.17843269,-0.044748846,-0.106159166,-0.10485277,-0.072410606,-0.10906873,-0.14577702,0.011089738,-0.101135306,-0.10111956,0.015260067,-0.06167218,-0.033605076,-0.13095737,-0.5107846,-0.20724927,-0.10233116,-0.27815676,-0.23830557,-0.17758924,-0.14456291,-0.10180756,-0.8350685,-0.23186772,-0.2952673,-0.14512512,-0.25367188,-0.14206433,-0.11528016,-0.1346979,0.048777852,0.8624193
90,-0.04760313,0.13928589,0.0,1.0,0.10352247,-0.37763074,-0.082918696,4.0,2.0,-0.10425398,0.09147642,-0.41372368,0.50395024,-0.118550695,0.7738392,-0.2654814,0.5471698,-0.22941573,-0.64666444,-0.24698792,-0.17843269,-0.044748846,-0.106159166,-0.10485277,-0.072410606,-0.10906873,-0.14577702,0.011089738,-0.101135306,-0.10111956,0.015260067,-0.06167218,-0.033605076,-0.13095737,1.9951832,-0.20724927,-0.10233116,-0.27815676,-0.23830557,-0.17758924,-0.14456291,-0.10180756,-0.10785017,-0.046306267,-0.2952673,-0.14512512,-0.25367188,-0.14206433,-0.11528016,-0.1346979,0.048777852,-0.72255856
91,-0.04760313,0.22953755,1.0,0.0,1.6045903,-1.4912686,-1.6438217,0.0,0.0,-0.0015996879,0.23607148,0.18666045,-0.7251967,-0.9859911,-1.191628,-1.7241514,0.5471698,-0.22941573,-0.9808649,-0.24698792,5.685281,-0.044748846,-0.106159166,-0.10485277,-0.072410606,-0.10906873,-0.14577702,0.011089738,-0.101135306,-0.10111956,0.015260067,-0.06167218,-0.033605076,-0.13095737,-0.5107846,-0.20724927,-0.10233116,-0.27815676,-0.23830557,5.6854286,-0.14456291,-0.10180756,-1.1691267,-1.5288224,3.3911219,-0.14512512,-0.25367188,6.999535,-0.11528016,-0.1346979,0.048777852,0.06993039
92,-0.04760313,0.052338228,1.0,0.0,-1.1160952,-0.42969567,-0.3774477,1.0,1.0,1.7859751,0.069018796,0.5869165,0.50395024,0.74888974,0.7738392,0.20747098,-1.3396226,-0.22941573,-1.3150654,-0.24698792,-0.17843269,-0.044748846,9.941293,-0.10485277,-0.072410606,-0.10906873,-0.14577702,0.011089738,-0.101135306,-0.10111956,0.015260067,-0.06167218,-0.033605076,-0.13095737,-0.5107846,-0.20724927,-0.10233116,-0.27815676,-0.23830557,-0.17758924,-0.14456291,9.949043,0.039859626,0.6582826,-0.2952673,-0.14512512,-0.25367188,-0.14206433,-0.11528016,-0.1346979,0.048777852,-0.72255856
93,-0.04760313,0.6408476,1.0,0.0,0.47878945,0.27801967,0.2557393,1.0,2.0,0.19343989,-0.13895741,0.32007915,1.7330972,1.6163303,0.7738392,0.4540196,0.5471698,-0.22941573,1.024338,-0.24698792,-0.17843269,-0.044748846,-0.106159166,-0.10485277,-0.072410606,-0.10906873,-0.14577702,0.011089738,-0.101135306,-0.10111956,0.015260067,-0.06167218,-0.033605076,-0.13095737,1.9951832,-0.20724927,-0.10233116,-0.27815676,-0.23830557,-0.17758924,-0.14456291,-0.10180756,2.9414268,1.5331246,-0.2952673,-0.14512512,-0.25367188,-0.14206433,-0.11528016,-0.1346979,0.048777852,-0.72255856
94,-0.04760313,-0.8981773,0.0,0.0,0.19733922,-1.4912686,-0.3774477,0.0,2.0,0.30811474,-0.10065484,-1.0474625,-0.7251967,-0.9859911,-1.191628,-1.493237,-1.3396226,-0.22941573,-1.3150654,-0.24698792,-0.17843269,-0.044748846,-0.106159166,-0.10485277,-0.072410606,-0.10906873,-0.14577702,0.011089738,-0.101135306,-0.10111956,0.015260067,-0.06167218,-0.033605076,-0.13095737,1.9951832,-0.20724927,-0.10233116,-0.27815676,-0.23830557,-0.17758924,-0.14456291,-0.10180756,-1.410924,-1.0914013,-0.2952673,-0.14512512,3.9580197,-0.14206433,-0.11528016,-0.1346979,-1.0529191,2.4473972
95,-0.04760313,0.46178618,1.0,1.0,-2.4295297,0.985735,0.8889263,0.0,2.0,0.30811474,0.5780397,2.3547142,-0.7251967,-0.9859911,-1.191628,1.4917898,0.5471698,-0.22941573,0.6901375,-0.24698792,-0.17843269,-0.044748846,-0.106159166,-0.10485277,-0.072410606,-0.10906873,-0.14577702,0.011089738,-0.101135306,-0.10111956,0.015260067,-0.06167218,-0.033605076,-0.13095737,-0.5107846,-0.20724927,-0.10233116,-0.27815676,-0.23830557,-0.17758924,-0.14456291,-0.10180756,-0.20838527,0.28567886,-0.2952673,-0.14512512,-0.25367188,-0.14206433,-0.11528016,-0.1346979,0.048777852,-0.72255856
96,-0.04760313,0.13860354,1.0,0.0,-0.64701146,2.7550232,1.5221133,1.922734,2.0,2.2293332,0.069018796,-1.5811373,-0.7251967,-0.118550695,0.7738392,2.1232579,-1.3396226,4.358899,1.024338,-0.24698792,-0.17843269,-0.044748846,-0.106159166,-0.10485277,-0.072410606,-0.10906873,-0.14577702,0.011089738,-0.101135306,-0.10111956,0.015260067,-0.06167218,-0.033605076,-0.13095737,1.9951832,-0.20724927,-0.10233116,-0.27815676,-0.23830557,-0.17758924,-0.14456291,-0.10180756,0.95255214,0.66111827,-0.2952673,-0.14512512,-0.25367188,-0.14206433,-0.11528016,-0.1346979,0.20861934,0.39663887
97,-0.04760313,-0.15387124,1.0,0.0,-1.0222784,-0.075838,0.8889263,4.0,2.0,0.6036868,-0.60967577,0.45349783,-0.7251967,-0.9859911,-1.191628,-0.013283851,0.5471698,-0.22941573,-0.31246394,-0.24698792,-0.17843269,-0.044748846,-0.106159166,-0.10485277,-0.072410606,-0.10906873,-0.14577702,0.011089738,-0.101135306,-0.10111956,0.015260067,-0.06167218,-0.033605076,-0.13095737,-0.5107846,-0.20724927,-0.10233116,-0.27815676,-0.23830557,-0.17758924,-0.14456291,-0.10180756,-0.3802237,0.08743964,-0.2952673,-0.14512512,-0.25367188,-0.14206433,-0.11528016,-0.1346979,3.3538687,-0.72255856
98,-0.04760313,0.52673453,1.0,1.0,0.3849727,1.3395927,0.8889263,4.0,2.0,0.45590076,0.5780397,0.019887079,2.9622443,1.18261,0.7738392,0.80249804,1.490566,-0.22941573,1.0912129,-0.24698792,-0.17843269,-0.044748846,-0.106159166,-0.10485277,-0.072410606,-0.10906873,-0.14577702,0.011089738,-0.101135306,-0.10111956,0.015260067,-0.06167218,-0.033605076,-0.13095737,-0.5107846,-0.20724927,-0.10233116,3.6424713,-0.23830557,-0.17758924,-0.14456291,-0.10180756,0.039859626,-0.2165594,-0.2952673,-0.14512512,-0.25367188,-0.14206433,-0.11528016,-0.1346979,0.048777852,-0.72255856
99,9.789902,8.64292,1.0,0.0,0.8540564,-3.6144147,-5.4429436,0.0,1.1885524,-0.28851703,-0.19965816,1.2214512,0.50395024,0.7091993,0.38018438,-4.1108217,0.5471698,-0.22941573,1.024338,0.89898705,-0.016090365,-4.5225115,0.26204112,0.18730512,9.643521,9.911077,0.069681846,-7.5931273,-0.056857135,-0.118588194,-7.7783527,-3.3562706,8.519291,9.242316,0.09653969,-0.06456769,-0.06365421,0.09312298,0.70171684,-0.007719673,0.02458495,0.028097376,-4.796086,-7.2152953,-0.2952673,6.999135,3.9580197,-0.14206433,-0.11528016,-0.1346979,-1.0529191,1.0317118
100,-0.04760313,0.52085674,1.0,0.0,1.2293234,-2.198984,-1.6438217,0.0,2.0,1.9337611,-0.10065484,4.32264,0.50395024,0.31516954,0.7738392,-3.006471,-1.3396226,-0.22941573,-1.3150654,-0.24698792,-0.17843269,-0.044748846,-0.106159166,-0.10485277,-0.072410606,-0.10906873,-0.14577702,0.011089738,-0.101135306,-0.10111956,0.015260067,-0.06167218,-0.033605076,-0.13095737,-0.5107846,-0.20724927,-0.10233116,3.6424713,-0.23830557,-0.17758924,-0.14456291,-0.10180756,-3.8288968,-5.4656115,-0.2952673,6.999135,-0.25367188,-0.14206433,-0.11528016,-0.1346979,-1.0529191,2.4473972
101,-0.04760313,0.1413472,1.0,0.0,-0.45937797,-0.7835533,-0.3774477,1.0,0.0,0.28012115,-0.040249933,1.5875567,-0.7251967,-0.9859911,-1.191628,-0.5067753,-1.3396226,-0.22941573,-1.3150654,-0.24698792,-0.17843269,-0.044748846,-0.106159166,-0.10485277,-0.072410606,-0.10906873,-0.14577702,0.011089738,-0.101135306,-0.10111956,0.015260067,-0.06167218,-0.033605076,-0.13095737,-0.5107846,-0.20724927,-0.10233116,-0.27815676,4.3398013,-0.17758924,-0.14456291,-0.10180756,-0.57921416,-0.28685552,-0.2952673,-0.14512512,-0.25367188,-0.14206433,-0.11528016,-0.1346979,-1.0529191,-0.72255856
102,-0.04760313,-0.6021695,1.0,1.0,1.3231401,0.6318773,0.2557393,4.0,1.0,0.2073989,0.33152062,-1.0808171,0.50395024,1.18261,0.7738392,0.058320835,-1.3396226,-0.22941573,-1.3150654,-0.24698792,-0.17843269,-0.044748846,-0.106159166,-0.10485277,-0.072410606,-0.10906873,-0.14577702,0.011089738,-0.101135306,-0.10111956,0.015260067,-0.06167218,-0.033605076,-0.13095737,-0.5107846,-0.20724927,-0.10233116,-0.27815676,-0.23830557,-0.17758924,-0.14456291,-0.10180756,0.38445234,0.080133244,-0.2952673,-0.14512512,-0.25367188,-0.14206433,-0.11528016,-0.1346979,0.048777852,0.06993039
103,-0.04760313,0.16435656,1.0,1.0,-1.7728124,-1.8451263,-1.6438217,4.0,0.0,0.0125426585,1.7657552,-0.580497,-0.7251967,-0.9859911,-1.191628,-0.9494912,-1.3396226,-0.22941573,-1.3150654,-0.24698792,-0.17843269,-0.044748846,-0.106159166,-0.10485277,-0.072410606,-0.10906873,-0.14577702,0.011089738,-0.101135306,-0.10111956,0.015260067,-0.06167218,-0.033605076,-0.13095737,-0.5107846,-0.20724927,-0.10233116,-0.27815676,-0.23830557,-0.17758924,-0.14456291,-0.10180756,-2.378113,-1.9662434,-0.2952673,-0.14512512,-0.25367188,-0.14206433,-0.11528016,-0.1346979,0.048777852,-0.72255856
104,-0.04760313,-0.19642597,1.0,0.0,0.47878945,-0.42969567,-1.0106347,0.0,2.0,-1.0219595,-1.4580439,1.25401,-0.7251967,1.6163303,0.7738392,-0.6909288,0.5471698,-0.22941573,1.024338,-0.24698792,-0.17843269,-0.044748846,-0.106159166,-0.10485277,-0.072410606,-0.10906873,-0.14577702,0.011089738,-0.101135306,-0.10111956,0.015260067,-0.06167218,-0.033605076,-0.13095737,-0.5107846,-0.20724927,-0.10233116,3.6424713,-0.23830557,-0.17758924,-0.14456291,-0.10180756,1.4906433,-0.2165594,3.3911219,-0.14512512,-0.25367188,-0.14206433,-0.11528016,-0.1346979,-1.0529191,2.4473972
105,-0.04760313,1.2176652,1.0,1.0,-0.36556125,-0.9604822,-0.3774477,4.0,0.0,-0.2830294,2.274776,-1.6144919,2.9622443,-0.9859911,-1.191628,-0.3345973,0.5471698,-0.22941573,0.6901375,-0.24698792,-0.17843269,-0.044748846,-0.106159166,-0.10485277,-0.072410606,-0.10906873,-0.14577702,0.011089738,-0.101135306,-0.10111956,0.015260067,-0.06167218,-0.033605076,-0.13095737,-0.5107846,-0.20724927,-0.10233116,-0.27815676,-0.23830557,-0.17758924,-0.14456291,-0.10180756,-0.39916968,-0.082258694,-0.2952673,-0.14512512,-0.25367188,-0.14206433,-0.11528016,-0.1346979,0.048777852,-0.72255856
106,-0.04760313,0.85062647,0.0,0.0,1.4169569,-1.137411,-1.0106347,4.0,2.0,0.3546834,0.32332003,-1.5811373,2.9622443,-0.9859911,-1.191628,-1.1205527,0.5471698,-0.22941573,1.024338,8.027964,-0.17843269,-0.044748846,-0.106159166,-0.10485277,-0.072410606,-0.10906873,-0.14577702,0.011089738,-0.101135306,9.949553,0.015260067,-0.06167218,-0.033605076,-0.13095737,1.9951832,-0.20724927,-0.10233116,-0.27815676,-0.23830557,-0.17758924,-0.14456291,-0.10180756,0.046053868,-0.2087545,-0.2952673,-0.14512512,3.9580197,-0.14206433,-0.11528016,-0.1346979,-1.0529191,-0.72255856
107,-0.04760313,0.16807476,1.0,0.6638885,0.10352247,-0.7835533,-0.3774477,1.1941043,2.0,1.0470449,1.5960815,-1.2475905,2.9622443,-0.118550695,-0.20889442,-0.41023278,-1.3396226,-0.22941573,-1.3150654,-0.24698792,-0.17843269,-0.044748846,-0.106159166,-0.10485277,-0.072410606,-0.10906873,-0.14577702,0.011089738,-0.101135306,-0.10111956,0.015260067,-0.06167218,-0.033605076,-0.13095737,-0.5107846,-0.20724927,-0.10233116,-0.27815676,-0.23830557,-0.17758924,-0.14456291,-0.10180756,-0.30010107,-0.19373065,-0.22349885,0.08128481,-0.11178622,-0.1099881,10.859187,22.03425,-0.2805947,-0.33405793
108,-0.04760313,-0.3996129,1.0,1.0,-2.5233464,-0.7835533,-0.3774477,0.0,1.0,-0.17591727,-0.10766834,-0.9473984,-0.7251967,-0.118550695,0.7738392,0.15288427,0.5471698,-0.22941573,-0.9808649,-0.24698792,-0.17843269,-0.044748846,-0.106159166,-0.10485277,-0.072410606,-0.10906873,-0.14577702,0.011089738,-0.101135306,-0.10111956,0.015260067,-0.06167218,-0.033605076,-0.13095737,-0.5107846,-0.20724927,-0.10233116,-0.27815676,-0.23830557,-0.17758924,-0.14456291,-0.10180756,-0.6612337,-0.21227317,-0.2952673,-0.14512512,-0.25367188,-0.14206433,-0.11528016,-0.1346979,0.048777852,1.6549082
109,-0.04760313,-0.33313188,1.0,0.0,-1.3037287,-0.19794922,0.0009838241,0.0,2.0,0.45590076,0.5780397,-0.81397974,0.50395024,1.6163303,-0.20889442,0.29676682,1.490566,-0.22941573,1.0227811,-0.24698792,-0.17843269,-0.044748846,-0.106159166,-0.10485277,-0.072410606,-0.10906873,-0.14577702,0.011089738,-0.101135306,-0.10111956,0.015260067,-0.06167218,-0.033605076,-0.13095737,-0.5107846,-0.20724927,-0.10233116,-0.27815676,-0.23830557,-0.17758924,-0.14456291,-0.10180756,-0.092345856,0.023939712,-0.2952673,-0.14512512,-0.25367188,-0.14206433,-0.11528016,-0.1346979,-1.0529191,0.06993039
110,-0.04760313,-0.20668556,0.0,0.0,1.3231401,-0.42969567,-0.3774477,4.0,1.0,2.0815473,-0.60967577,1.1205913,-0.7251967,1.6163303,0.7738392,-2.0521305,-1.3396226,-0.22941573,-1.3150654,-0.24698792,-0.17843269,-0.044748846,-0.106159166,-0.10485277,56.855385,-0.10906873,-0.14577702,0.011089738,-0.101135306,-0.10111956,0.015260067,-0.06167218,-0.033605076,-0.13095737,-0.5107846,-0.20724927,-0.10233116,3.6424713,-0.23830557,-0.17758924,-0.14456291,-0.10180756,-4.3124914,-6.340453,-0.2952673,6.999135,-0.25367188,-0.14206433,2354.618,-0.1346979,1.1504748,-0.72255856
111,-0.04760313,-0.32178733,1.0,1.0,-2.5233464,-1.8451263,-1.6438217,0.0,1.0,-1.6131037,-1.1186967,0.019887079,0.50395024,1.18261,0.7738392,-0.79207647,0.5471698,-0.22941573,-0.04037745,-0.24698792,-0.17843269,-0.044748846,-0.106159166,-0.10485277,-0.072410606,-0.10906873,-0.14577702,0.011089738,-0.101135306,-0.10111956,0.015260067,-0.06167218,-0.033605076,-0.13095737,-0.5107846,-0.20724927,-0.10233116,-0.27815676,-0.23830557,-0.17758924,-0.14456291,-0.10180756,-1.410924,-1.0914013,-0.2952673,-0.14512512,-0.25367188,-0.14206433,-0.11528016,-0.1346979,-1.0529191,0.8624193
112,-0.04760313,-0.4891711,0.0,0.6665396,-0.64701146,-0.075838,0.2557393,1.0,2.0,0.049584214,0.20845342,-1.2142358,-0.7251967,-0.9859911,-1.191628,0.40460825,0.5471698,-0.22941573,-0.64666444,-0.24698792,-0.17843269,-0.044748846,-0.106159166,-0.10485277,-0.072410606,-0.10906873,-0.14577702,0.011089738,-0.101135306,-0.10111956,0.015260067,-0.06167218,-0.033605076,-0.13095737,-0.5107846,-0.20724927,-0.10233116,-0.27815676,-0.23830557,-0.17758924,-0.14456291,-0.10180756,1.0070487,0.6582826,-0.2952673,-0.14512512,-0.25367188,-0.14206433,-0.11528016,-0.1346979,0.048777852,-0.72255856
113,-0.04760313,-0.33683068,1.0,1.0,0.5726062,-0.075838,-0.3774477,0.0,2.0,0.106147856,0.17170389,-0.34701434,-0.7251967,1.6163303,0.7738392,-0.21597621,-1.3396226,-0.22941573,-1.3150654,-0.24698792,-0.17843269,-0.044748846,-0.106159166,-0.10485277,-0.072410606,-0.10906873,-0.14577702,0.011089738,-0.101135306,-0.10111956,0.015260067,-0.06167218,-0.033605076,-0.13095737,-0.5107846,-0.20724927,-0.10233116,-0.27815676,-0.23830557,-0.17758924,-0.14456291,-0.10180756,-0.0478616,-0.18375018,-0.2952673,-0.14512512,-0.25367188,-0.14206433,-0.11528016,-0.1346979,-1.0529191,0.8624193
114,-0.04760313,-0.18276805,0.0,1.0,2.5427577,-0.7835533,-0.3774477,4.0,2.0,0.0125426585,1.5960815,-0.24695031,1.7330972,1.6163303,0.7738392,-1.2285492,0.2992511,-0.24516262,0.20365284,0.6205972,0.0567042,12.5323515,-0.0025605473,0.19798833,-0.2548523,-9.356,-0.1299661,8.432939,-0.08495096,0.043479264,42.72143,17.979124,-0.6731865,17.324297,0.1814916,-0.032553304,0.0137589825,0.113245174,0.2673531,0.12277283,-0.11656406,-0.048608,0.028125318,-0.17389278,-0.2952673,-0.14512512,-0.25367188,-0.14206433,-0.11528016,-0.1346979,0.048777852,-0.72255856
115,-0.04760313,-0.3005711,1.0,1.0,-1.1160952,-0.075838,-0.3774477,4.0,2.0,-0.24906188,-0.15950707,-1.2475905,0.50395024,0.18439898,0.27356884,0.29909608,-1.3396226,-0.22941573,-1.3150654,-0.24698792,-0.17843269,-0.044748846,-0.106159166,-0.10485277,-0.072410606,-0.10906873,-0.14577702,0.011089738,-0.101135306,-0.10111956,0.015260067,-0.06167218,-0.033605076,-0.13095737,-0.5107846,-0.20724927,-0.10233116,-0.27815676,-0.23830557,-0.17758924,-0.14456291,-0.10180756,-0.17686123,-0.12607995,-0.2952673,-0.14512512,-0.25367188,-0.14206433,-0.11528016,-0.1346979,0.048777852,-0.72255856
116,-0.04760313,-0.3894998,0.0,0.0,1.6045903,-2.198984,-2.2770088,4.0,0.0,0.45590076,2.274776,1.454138,-0.7251967,-0.9859911,-1.191628,-1.0987533,-1.3396226,-0.22941573,-1.3150654,-0.24698792,-0.17843269,-0.044748846,-0.106159166,-0.10485277,-0.072410606,-0.10906873,-0.14577702,0.011089738,-0.101135306,9.949553,0.015260067,-0.06167218,-0.033605076,-0.13095737,-0.5107846,-0.20724927,-0.10233116,-0.27815676,-0.23830557,-0.17758924,-0.14456291,-0.10180756,1.4906433,3.2828085,-0.2952673,-0.14512512,3.9580197,-0.14206433,-0.11528016,2017.6005,0.048777852,2.4473972
117,-0.04760313,-0.5022118,0.0,0.0,0.47878945,-0.42969567,-0.3774477,4.0,1.0,0.0125426585,1.5960815,-0.6138517,-0.7251967,1.18261,-0.20889442,-0.27658823,1.490566,-0.22941573,0.6901375,1.1879661,-0.17843269,-0.044748846,-0.106159166,-0.10485277,56.855385,-0.10906873,-0.14577702,0.011089738,-0.101135306,-0.10111956,0.015260067,-0.06167218,-0.033605076,-0.13095737,-0.5107846,-0.20724927,-0.10233116,-0.27815676,-0.23830557,-0.17758924,-0.14456291,-0.10180756,-0.116897374,-0.12457075,-0.2952673,-0.14512512,3.9580197,-0.14206433,-0.11528016,-0.1346979,0.048777852,-0.72255856
118,-6.3170643,-5.0688553,1.0,0.0,0.19733922,-5.029845,-5.4429436,0.0,1.6929642,0.30012524,-0.266025,0.9932056,1.7330972,0.3785993,0.6558279,-3.7917826,0.5471698,-0.22941573,0.23908381,8.027964,-0.17843269,-0.044748846,-0.106159166,-0.10485277,-0.072410606,-0.10906873,6.998212,0.011089738,-0.101135306,-0.10111956,0.015260067,-0.06167218,-0.033605076,-0.13095737,-0.5107846,-0.20724927,-0.10233116,-0.27815676,4.3398013,-0.17758924,-0.14456291,-0.10180756,-1.3852501,-1.7393382,-0.2952673,6.999135,-0.25367188,-0.14206433,-0.11528016,2017.6005,-1.0529191,0.8624193
119,-0.04760313,-0.76858836,1.0,0.0,-0.36556125,0.985735,0.8889263,0.0,0.0,-0.7263875,0.5780397,-0.31365967,1.7330972,-0.9859911,-1.191628,0.38735864,0.5471698,-0.22941573,-0.31246394,-0.24698792,-0.17843269,-0.044748846,-0.106159166,-0.10485277,-0.072410606,-0.10906873,-0.14577702,0.011089738,-0.101135306,-0.10111956,0.015260067,-0.06167218,-0.033605076,-0.13095737,-0.5107846,-0.20724927,-0.10233116,-0.27815676,-0.23830557,-0.17758924,-0.14456291,-0.10180756,-1.410924,-1.0914013,-0.2952673,-0.14512512,3.9580197,-0.14206433,-0.11528016,-0.1346979,-1.0529191,1.6549082
120,-0.04760313,-0.5474934,0.0,0.0,0.29115596,0.6318773,-0.3774477,0.0,2.0,1.0470449,-0.10065484,-0.7806251,-0.7251967,-0.5522709,0.7738392,0.46019727,0.5471698,-0.22941573,0.38936374,-0.24698792,-0.17843269,-0.044748846,-0.106159166,-0.10485277,-0.072410606,-0.10906873,-0.14577702,0.011089738,-0.101135306,-0.10111956,0.015260067,-0.06167218,-0.033605076,-0.13095737,-0.5107846,-0.20724927,-0.10233116,-0.27815676,-0.23830557,-0.17758924,-0.14456291,-0.10180756,0.52580035,0.095449544,-0.2952673,-0.14512512,-0.25367188,-0.14206433,-0.11528016,-0.1346979,0.048777852,0.06993039
121,-0.04760313,0.1640155,0.0,0.0,0.10352247,-0.075838,-0.3774477,1.0,1.0,0.45590076,-0.10065484,-0.24695031,0.50395024,0.31516954,-0.20889442,-0.1508888,-1.3396226,-0.22941573,-1.3150654,-0.24698792,-0.17843269,-0.044748846,-0.106159166,-0.10485277,-0.072410606,-0.10906873,-0.14577702,0.011089738,-0.101135306,-0.10111956,0.015260067,-0.06167218,-0.033605076,-0.13095737,-0.5107846,-0.20724927,-0.10233116,-0.27815676,-0.23830557,-0.17758924,-0.14456291,-0.10180756,-0.9273295,-0.2165594,-0.2952673,-0.14512512,-0.25367188,-0.14206433,-0.11528016,-0.1346979,0.048777852,-0.72255856
122,-0.04760313,-0.20596635,1.0,1.0,-0.5531947,0.985735,0.8889263,0.0,0.0,1.342617,1.0870606,-0.68056107,-0.7251967,-0.9859911,-1.191628,0.989836,0.5471698,-0.22941573,0.6901375,-0.24698792,-0.17843269,-0.044748846,-0.106159166,-0.10485277,-0.072410606,-0.10906873,-0.14577702,0.011089738,-0.101135306,-0.10111956,0.015260067,-0.06167218,-0.033605076,-0.13095737,-0.5107846,-0.20724927,-0.10233116,-0.27815676,-0.23830557,-0.17758924,-0.14456291,-0.10180756,0.15313235,0.35207298,3.3911219,-0.14512512,-0.25367188,-0.14206433,-0.11528016,-0.1346979,0.048777852,0.8624193
123,-0.04760313,0.15982078,1.0,1.0,1.1355066,-1.137411,-1.0106347,0.0,2.0,-0.7263875,-0.7793494,0.053241752,-0.7251967,-0.118550695,-0.20889442,-1.2670891,-1.3396226,-0.22941573,-1.3150654,-0.24698792,-0.17843269,-0.044748846,-0.106159166,-0.10485277,-0.072410606,-0.10906873,-0.14577702,0.011089738,-0.101135306,-0.10111956,0.015260067,-0.06167218,-0.033605076,-0.13095737,-0.5107846,-0.20724927,-0.10233116,-0.27815676,-0.23830557,-0.17758924,-0.14456291,-0.10180756,-0.29964504,-0.41324028,-0.2952673,-0.14512512,-0.25367188,-0.14206433,-0.11528016,-0.1346979,-1.0529191,0.06993039
124,-0.04760313,0.3435233,0.0,1.0,0.10352247,-0.075838,-1.6438217,0.0,2.0,0.30811474,0.5780397,0.026671998,1.7330972,1.6163303,0.7738392,0.14846776,0.5471698,-0.22941573,0.6901375,-0.24698792,-0.17843269,-0.044748846,-0.106159166,-0.10485277,-0.072410606,-0.10906873,-0.14577702,0.011089738,-0.101135306,-0.10111956,0.015260067,-0.06167218,-0.033605076,-0.13095737,1.9951832,-0.20724927,-0.10233116,-0.27815676,-0.23830557,-0.17758924,-0.14456291,-0.10180756,1.0070487,0.6582826,-0.2952673,-0.14512512,-0.25367188,-0.14206433,-0.11528016,-0.1346979,0.048777852,0.06993039
125,-0.04760313,0.5703322,1.0,1.0,0.10352247,-0.42969567,-0.3774477,4.0,1.0,-2.0564618,-2.6457593,0.92046326,-0.7251967,1.18261,0.7738392,-0.13865487,-1.3396226,-0.22941573,-1.3150654,-0.24698792,-0.17843269,-0.044748846,-0.106159166,-0.10485277,-0.072410606,-0.10906873,-0.14577702,0.011089738,-0.101135306,-0.10111956,0.015260067,-0.06167218,-0.033605076,-0.13095737,1.9951832,-0.20724927,-0.10233116,-0.27815676,4.3398013,-0.17758924,-0.14456291,-0.10180756,1.9742378,2.4079666,-0.2952673,-0.14512512,-0.25367188,-0.14206433,-0.11528016,-0.1346979,2.2521718,-0.72255856
126,-0.04760313,0.32041574,1.0,1.0,1.3231401,-2.198984,-2.9101958,4.0,2.0,0.45590076,1.5960815,0.5869165,0.50395024,0.31516954,0.7738392,-2.506782,0.5471698,-0.22941573,0.6901375,8.027964,-0.17843269,-0.044748846,9.941293,-0.10485277,-0.072410606,-0.10906873,-0.14577702,0.011089738,-0.101135306,-0.10111956,0.015260067,-0.06167218,-0.033605076,-0.13095737,-0.5107846,-0.20724927,-0.10233116,-0.27815676,-0.23830557,5.6854286,-0.14456291,-0.10180756,-3.345302,-3.7159274,-0.2952673,-0.14512512,-0.25367188,-0.14206433,-0.11528016,-0.1346979,-1.0529191,-0.72255856
127,-0.04760313,-0.5339594,1.0,0.0,-0.36556125,-0.075838,0.5723328,1.0,1.0,0.45254084,0.011666231,0.7536899,-0.7251967,-0.118550695,0.7738392,-0.019209623,0.5471698,-0.22941573,0.11072217,5.9592257,-0.0743485,12.592311,0.013998934,0.08224419,38.7368,1.7607588,-0.13171649,0.011089738,-0.101135306,-0.10111956,0.015260067,-0.06167218,-0.033605076,-0.13095737,-0.5107846,-0.20724927,-0.10233116,-0.27815676,-0.23830557,-0.17758924,-0.14456291,-0.10180756,-0.26103178,0.02883181,-0.2952673,-0.14512512,3.9580197,-0.14206433,-0.11528016,-0.1346979,0.048777852,-0.72255856
128,-0.04760313,0.49522233,1.0,1.0,0.47878945,-1.137411,-1.0106347,4.0,1.0,0.75147283,0.5780397,-1.0474625,-0.7251967,-0.5522709,0.7738392,-1.0112325,0.5471698,-0.22941573,1.024338,-0.24698792,-0.17843269,-0.044748846,-0.106159166,-0.10485277,-0.072410606,-0.10906873,-0.14577702,0.011089738,-0.101135306,-0.10111956,0.015260067,-0.06167218,-0.033605076,-0.13095737,-0.5107846,-0.20724927,-0.10233116,-0.27815676,-0.23830557,-0.17758924,-0.14456291,-0.10180756,-0.24106078,-0.28536195,-0.2952673,-0.14512512,-0.25367188,-0.14206433,-0.11528016,-0.1346979,1.1504748,-0.72255856
129,-0.04760313,-0.91137093,1.0,1.0,-0.834645,-0.7835533,-0.3774477,0.0,1.0,-0.8741736,-1.2883703,-0.7806251,1.7330972,0.31516954,0.7738392,-0.28161848,-1.3396226,-0.22941573,-1.3150654,-0.24698792,-0.17843269,-0.044748846,-0.106159166,-0.10485277,-0.072410606,-0.10906873,-0.14577702,0.011089738,-0.101135306,-0.10111956,0.015260067,-0.06167218,-0.033605076,-0.13095737,-0.5107846,-0.20724927,-0.10233116,-0.27815676,-0.23830557,-0.17758924,-0.14456291,-0.10180756,-0.4437349,0.6582826,-0.2952673,-0.14512512,-0.25367188,-0.14206433,-0.11528016,-0.1346979,0.048777852,-0.72255856
130,-0.04760313,-0.10360202,1.0,1.0,0.6664229,-0.7835533,-1.0106347,0.0,2.0,1.342617,2.783797,1.1539459,0.50395024,-0.9859911,-1.191628,-0.66094136,0.5471698,-0.22941573,1.024338,-0.24698792,-0.17843269,-0.044748846,-0.106159166,-0.10485277,-0.072410606,-0.10906873,-0.14577702,0.011089738,-0.101135306,-0.10111956,0.015260067,-0.06167218,-0.033605076,-0.13095737,-0.5107846,-0.20724927,-0.10233116,-0.27815676,-0.23830557,-0.17758924,-0.14456291,-0.10180756,-0.4437349,-1.0914013,-0.2952673,-0.14512512,-0.25367188,-0.14206433,-0.11528016,-0.1346979,0.048777852,-0.72255856
131,-0.04760313,-0.2914144,1.0,1.0,-0.5531947,-0.120704666,-0.055007912,1.0,2.0,0.30811474,0.7477133,-0.22139333,-0.7251967,1.6163303,2.7393064,0.16511254,0.5471698,-0.22941573,1.024338,-0.24698792,-0.17843269,-0.044748846,-0.106159166,-0.10485277,-0.072410606,-0.10906873,-0.14577702,0.011089738,-0.101135306,-0.10111956,0.015260067,-0.06167218,-0.033605076,-0.13095737,-0.5107846,-0.20724927,-0.10233116,-0.27815676,-0.23830557,-0.17758924,-0.14456291,-0.10180756,-0.08710172,-0.0039124964,-0.2952673,-0.14512512,-0.25367188,-0.14206433,-0.11528016,-0.1346979,-1.0529191,-0.72255856
132,-0.04760313,-0.56676847,0.0,1.0,0.10352247,1.6934503,0.8889263,1.0,0.0,2.8204772,1.2567343,-1.1141719,-0.7251967,-0.9859911,-1.191628,1.5957986,0.5471698,-0.22941573,-0.31246394,-0.24698792,-0.17843269,-0.044748846,-0.106159166,-0.10485277,-0.072410606,-0.10906873,-0.14577702,0.011089738,-0.101135306,-0.10111956,0.015260067,-0.06167218,-0.033605076,-0.13095737,-0.5107846,-0.20724927,-0.10233116,-0.27815676,-0.23830557,-0.17758924,-0.14456291,-0.10180756,2.4578323,1.5331246,-0.2952673,-0.14512512,-0.25367188,-0.14206433,-0.11528016,-0.1346979,0.048777852,-0.72255856
133,-0.04760313,0.24196419,0.0,0.0,0.8540564,0.985735,0.8889263,1.0,2.0,0.45590076,0.91738695,-0.04682227,-0.7251967,-0.9859911,-1.191628,1.8107574,0.5471698,-0.22941573,1.024338,-0.24698792,-0.17843269,-0.044748846,-0.106159166,-0.10485277,-0.072410606,-0.10906873,-0.14577702,0.011089738,-0.101135306,-0.10111956,0.015260067,-0.06167218,-0.033605076,-0.13095737,-0.5107846,-0.20724927,-0.10233116,3.6424713,-0.23830557,-0.17758924,-0.14456291,-0.10180756,1.9742378,-0.2165594,-0.2952673,-0.14512512,-0.25367188,-0.14206433,-0.11528016,-0.1346979,0.048777852,-0.72255856
134,-0.04760313,-0.13729067,0.0,0.0,-0.64701146,-0.42969567,0.2557393,1.0,0.0,0.30811474,-0.60967577,-0.24695031,-0.7251967,-0.9859911,-1.191628,-0.171392,0.5471698,-0.22941573,0.6901375,-0.24698792,-0.17843269,-0.044748846,-0.106159166,9.944696,-0.072410606,-0.10906873,-0.14577702,0.011089738,-0.101135306,-0.10111956,0.015260067,-0.06167218,-0.033605076,-0.13095737,-0.5107846,-0.20724927,-0.10233116,-0.27815676,-0.23830557,-0.17758924,-0.14456291,-0.10180756,-0.1651139,0.046088982,3.3911219,-0.14512512,3.9580197,-0.14206433,-0.11528016,-0.1346979,0.048777852,-0.72255856
135,-0.04760313,0.45152363,1.0,1.0,0.3849727,-0.7835533,-1.0106347,0.0,0.0,-1.1697457,-0.10065484,-0.64720637,-0.7251967,-0.9859911,-1.191628,-0.6100161,0.5471698,-0.22941573,0.6901375,-0.24698792,-0.17843269,-0.044748846,-0.106159166,-0.10485277,-0.072410606,-0.10906873,-0.14577702,0.011089738,-0.101135306,-0.10111956,0.015260067,-0.06167218,-0.033605076,-0.13095737,-0.5107846,-0.20724927,-0.10233116,-0.27815676,-0.23830557,-0.17758924,-0.14456291,-0.10180756,-0.4437349,0.6582826,-0.2952673,-0.14512512,-0.25367188,-0.14206433,-0.11528016,-0.1346979,0.048777852,0.8624193
136,-0.04760313,-0.7731361,0.0,1.0,-1.5851789,1.6934503,1.5221133,0.0,0.0,0.75147283,0.7477133,-0.11353161,-0.7251967,-0.9859911,-1.191628,1.8564382,-1.3396226,4.358899,1.024338,-0.24698792,-0.17843269,-0.044748846,-0.106159166,-0.10485277,-0.072410606,-0.10906873,-0.14577702,0.011089738,-0.101135306,-0.10111956,0.015260067,-0.06167218,-0.033605076,-0.13095737,-0.5107846,-0.20724927,-0.10233116,-0.27815676,-0.23830557,-0.17758924,-0.14456291,-0.10180756,0.76525146,1.5331246,-0.2952673,-0.14512512,-0.25367188,-0.14206433,-0.11528016,-0.1346979,-1.0529191,0.06993039
137,-0.04760313,0.36659008,1.0,0.66364974,-0.7408282,-0.26284406,-0.2640821,1.0,2.0,0.25681874,-0.076716945,1.0872366,1.7330972,-0.5522709,0.7738392,-0.13312015,0.5471698,-0.22941573,0.35593703,1.8217499,-0.17843269,-0.044748846,-0.106159166,-0.10485277,-0.072410606,-0.10906873,-0.14577702,0.011089738,-0.101135306,-0.10111956,0.015260067,-0.06167218,-0.033605076,-0.13095737,-0.5107846,-0.20724927,-0.10233116,-0.27815676,-0.23830557,-0.17758924,-0.14456291,-0.10180756,-0.29746652,-0.11969667,3.3911219,-0.14512512,-0.25367188,-0.14206433,-0.11528016,-0.1346979,0.048777852,-0.72255856
138,-0.04760313,0.19609359,1.0,1.0,0.3849727,-0.13435833,-0.18846023,1.0,2.0,0.3181659,0.0014020741,0.03044538,-0.7251967,1.18261,0.7738392,-0.26505846,0.5471698,-0.22941573,1.024338,1.8217499,-0.17843269,-0.044748846,-0.106159166,-0.10485277,-0.072410606,-0.10906873,-0.14577702,0.011089738,-0.101135306,-0.10111956,0.015260067,-0.06167218,-0.033605076,-0.13095737,-0.5107846,-0.20724927,-0.10233116,3.6424713,-0.23830557,-0.17758924,-0.14456291,-0.10180756,0.005800871,-0.0630267,-0.2952673,-0.14512512,-0.25367188,-0.14206433,-0.11528016,-0.1346979,0.048777852,-0.72255856
139,-0.04760313,0.014309236,0.0,0.0,1.5107737,0.27801967,0.2557393,1.0,2.0,0.30811474,-0.10065484,-0.039815675,-0.7251967,0.31516954,0.33520836,-0.27537677,1.490566,-0.22941573,1.024338,1.8217499,-0.17843269,-0.044748846,-0.106159166,-0.10485277,56.855385,-0.10906873,-0.14577702,0.011089738,-0.101135306,-0.10111956,0.015260067,-0.06167218,-0.033605076,-0.13095737,-0.5107846,-0.20724927,-0.10233116,-0.27815676,-0.23830557,-0.17758924,-0.14456291,-0.10180756,0.40336967,0.13298623,-0.2952673,-0.14512512,3.9580197,-0.14206433,-0.11528016,-0.1346979,0.048777852,-0.72255856
